,area,crop,lat,long,yield_2013,yield_2013_pred,yield_2013_diff,perc_err
0,Albania,Maize,41.153332,20.168331,69533,66771,2762,3.97
1,Albania,Potatoes,41.153332,20.168331,260110,249847,10263,3.95
2,Albania,Wheat,41.153332,20.168331,41292,40803,489,1.19
3,Albania,Soybeans,41.153332,20.168331,10000,17743,-7743,77.43
4,Algeria,Maize,28.033886,1.659626,33649,25146,8503,25.27
5,Algeria,Potatoes,28.033886,1.659626,303218,312021,-8803,2.9
6,Algeria,"Rice, paddy",28.033886,1.659626,17778,17166,612,3.44
7,Algeria,Wheat,28.033886,1.659626,19100,17677,1423,7.45
8,Algeria,Sorghum,28.033886,1.659626,60000,169492,-109492,182.49
9,Angola,Maize,-11.202692,17.873887,9467,7920,1547,16.34
10,Angola,Potatoes,-11.202692,17.873887,63303,68524,-5221,8.25
11,Angola,"Rice, paddy",-11.202692,17.873887,12744,8263,4481,35.16
12,Angola,Wheat,-11.202692,17.873887,9022,11631,-2609,28.92
13,Angola,Sorghum,-11.202692,17.873887,2415,1614,801,33.18
14,Angola,Soybeans,-11.202692,17.873887,4405,576,3829,86.93
15,Angola,Cassava,-11.202692,17.873887,140517,100951,39566,28.16
16,Angola,Sweet potatoes,-11.202692,17.873887,73409,50777,22632,30.83
17,Argentina,Maize,-38.416097,-63.616672,66037,69524,-3487,5.28
18,Argentina,Potatoes,-38.416097,-63.616672,288984,289468,-484,0.17
19,Argentina,"Rice, paddy",-38.416097,-63.616672,67187,62515,4672,6.95
20,Argentina,Wheat,-38.416097,-63.616672,26581,29852,-3271,12.31
21,Argentina,Sorghum,-38.416097,-63.616672,40852,47270,-6418,15.71
22,Argentina,Soybeans,-38.416097,-63.616672,25391,27165,-1774,6.99
23,Argentina,Cassava,-38.416097,-63.616672,99459,100475,-1016,1.02
24,Argentina,Sweet potatoes,-38.416097,-63.616672,147498,149144,-1646,1.12
25,Armenia,Maize,40.069099,45.038189,67114,70344,-3230,4.81
26,Armenia,Potatoes,40.069099,45.038189,215290,191775,23515,10.92
27,Armenia,Wheat,40.069099,45.038189,31273,17406,13867,44.34
28,Australia,Maize,-25.274398,133.775136,64441,63494,947,1.47
29,Australia,Potatoes,-25.274398,133.775136,385434,383796,1638,0.42
30,Australia,"Rice, paddy",-25.274398,133.775136,102177,84246,17931,17.55
31,Australia,Wheat,-25.274398,133.775136,17609,20134,-2525,14.34
32,Australia,Sorghum,-25.274398,133.775136,34419,32483,1936,5.63
33,Australia,Soybeans,-25.274398,133.775136,22336,19828,2508,11.23
34,Australia,Sweet potatoes,-25.274398,133.775136,344391,317614,26777,7.78
35,Austria,Maize,47.516231,14.550072,81173,96078,-14905,18.36
36,Austria,Potatoes,47.516231,14.550072,285897,315806,-29909,10.46
37,Austria,Wheat,47.516231,14.550072,53743,47575,6168,11.48
38,Austria,Soybeans,47.516231,14.550072,19697,28057,-8360,42.44
39,Azerbaijan,Maize,40.143105,47.576927,53903,50173,3730,6.92
40,Azerbaijan,Potatoes,40.143105,47.576927,151999,149386,2613,1.72
41,Azerbaijan,"Rice, paddy",40.143105,47.576927,22808,23957,-1149,5.04
42,Azerbaijan,Wheat,40.143105,47.576927,26719,25965,754,2.82
43,Bahrain,Potatoes,25.930414,50.637772,179569,161176,18393,10.24
44,Bangladesh,Maize,23.684994,90.356331,65953,65136,817,1.24
45,Bangladesh,Potatoes,23.684994,90.356331,193790,198634,-4844,2.5
46,Bangladesh,"Rice, paddy",23.684994,90.356331,45317,44493,824,1.82
47,Bangladesh,Wheat,23.684994,90.356331,30138,28047,2091,6.94
48,Bangladesh,Sorghum,23.684994,90.356331,11343,12891,-1548,13.65
49,Bangladesh,Sweet potatoes,23.684994,90.356331,97019,103505,-6486,6.69
50,Belarus,Maize,53.709807,27.953389,55656,56712,-1056,1.9
51,Belarus,Potatoes,53.709807,27.953389,193536,207067,-13531,6.99
52,Belarus,Wheat,53.709807,27.953389,30610,33183,-2573,8.41
53,Belgium,Maize,50.503887,4.469936,111500,107525,3975,3.56
54,Belgium,Potatoes,50.503887,4.469936,454642,460848,-6206,1.37
55,Belgium,Wheat,50.503887,4.469936,89349,85459,3890,4.35
56,Bolivia,Maize,-16.290154,-63.588653,21442,30689,-9247,43.13
57,Bolivia,Potatoes,-16.290154,-63.588653,56017,53002,3015,5.38
58,Bolivia,"Rice, paddy",-16.290154,-63.588653,26633,34561,-7928,29.77
59,Bolivia,Wheat,-16.290154,-63.588653,11167,9398,1769,15.84
60,Bolivia,Sorghum,-16.290154,-63.588653,17663,22088,-4425,25.05
61,Bolivia,Soybeans,-16.290154,-63.588653,23116,19617,3499,15.14
62,Bolivia,Cassava,-16.290154,-63.588653,80445,80065,380,0.47
63,Bolivia,Sweet potatoes,-16.290154,-63.588653,34324,43278,-8954,26.09
64,Bolivia,Plantains and others,-16.290154,-63.588653,87888,101882,-13994,15.92
65,Brazil,Maize,-14.235004,-51.92528,52536,48445,4091,7.79
66,Brazil,Potatoes,-14.235004,-51.92528,277517,273852,3665,1.32
67,Brazil,"Rice, paddy",-14.235004,-51.92528,50071,48017,2054,4.1
68,Brazil,Wheat,-14.235004,-51.92528,27491,26348,1143,4.16
69,Brazil,Sorghum,-14.235004,-51.92528,26817,28335,-1518,5.66
70,Brazil,Soybeans,-14.235004,-51.92528,29285,28405,880,3.01
71,Brazil,Cassava,-14.235004,-51.92528,140795,137329,3466,2.46
72,Brazil,Yams,-14.235004,-51.92528,96078,98978,-2900,3.02
73,Brazil,Sweet potatoes,-14.235004,-51.92528,130913,120503,10410,7.95
74,Bulgaria,Maize,42.733883,25.48583,63943,35734,28209,44.12
75,Bulgaria,Potatoes,42.733883,25.48583,146125,75267,70858,48.49
76,Bulgaria,"Rice, paddy",42.733883,25.48583,54945,59340,-4395,8.0
77,Bulgaria,Wheat,42.733883,25.48583,41885,34364,7521,17.96
78,Bulgaria,Sorghum,42.733883,25.48583,26792,22092,4700,17.54
79,Bulgaria,Soybeans,42.733883,25.48583,17976,-2133,20109,111.87
80,Burkina Faso,Maize,12.238333,-1.561593,17353,17615,-262,1.51
81,Burkina Faso,Potatoes,12.238333,-1.561593,19481,19054,427,2.19
82,Burkina Faso,"Rice, paddy",12.238333,-1.561593,21993,21825,168,0.76
83,Burkina Faso,Sorghum,12.238333,-1.561593,10409,9943,466,4.47
84,Burkina Faso,Soybeans,12.238333,-1.561593,13512,9012,4500,33.3
85,Burkina Faso,Cassava,12.238333,-1.561593,13594,12917,677,4.98
86,Burkina Faso,Yams,12.238333,-1.561593,58594,85994,-27400,46.76
87,Burkina Faso,Sweet potatoes,12.238333,-1.561593,146793,129272,17521,11.94
88,Burundi,Maize,-3.373056,29.918886,13218,12046,1172,8.86
89,Burundi,Potatoes,-3.373056,29.918886,62252,30300,31952,51.33
90,Burundi,"Rice, paddy",-3.373056,29.918886,19130,19660,-530,2.77
91,Burundi,Wheat,-3.373056,29.918886,7276,4107,3169,43.56
92,Burundi,Sorghum,-3.373056,29.918886,6513,4126,2387,36.66
93,Burundi,Soybeans,-3.373056,29.918886,9554,7139,2415,25.27
94,Burundi,Cassava,-3.373056,29.918886,68749,40382,28367,41.26
95,Burundi,Yams,-3.373056,29.918886,79279,98292,-19013,23.98
96,Burundi,Sweet potatoes,-3.373056,29.918886,104528,57183,47345,45.29
97,Cameroon,Maize,7.369722,12.354722,19787,20304,-517,2.61
98,Cameroon,Potatoes,7.369722,12.354722,133560,126252,7308,5.47
99,Cameroon,"Rice, paddy",7.369722,12.354722,11641,13838,-2197,18.88
100,Cameroon,Wheat,7.369722,12.354722,12879,12748,131,1.01
101,Cameroon,Sorghum,7.369722,12.354722,15074,14957,117,0.77
102,Cameroon,Soybeans,7.369722,12.354722,13228,12475,753,5.69
103,Cameroon,Cassava,7.369722,12.354722,147894,140683,7211,4.88
104,Cameroon,Yams,7.369722,12.354722,103844,110211,-6367,6.13
105,Cameroon,Sweet potatoes,7.369722,12.354722,54288,55450,-1162,2.14
106,Cameroon,Plantains and others,7.369722,12.354722,119444,108471,10973,9.19
107,Canada,Maize,56.130366,-106.346771,95878,87762,8116,8.46
108,Canada,Potatoes,56.130366,-106.346771,132270,124042,8228,6.22
109,Canada,Wheat,56.130366,-106.346771,35943,28814,7129,19.83
110,Canada,Soybeans,56.130366,-106.346771,28810,29286,-476,1.65
111,Central African Republic,Maize,6.611111,20.939444,12446,-1110,13556,108.92
112,Central African Republic,Potatoes,6.611111,20.939444,11818,11537,281,2.37
113,Central African Republic,"Rice, paddy",6.611111,20.939444,18665,20752,-2087,11.18
114,Central African Republic,Sorghum,6.611111,20.939444,10529,9957,572,5.43
115,Central African Republic,Cassava,6.611111,20.939444,28375,31043,-2668,9.4
116,Central African Republic,Yams,6.611111,20.939444,78333,80981,-2648,3.38
117,Central African Republic,Plantains and others,6.611111,20.939444,28626,29215,-589,2.06
118,Chile,Maize,-35.675147,-71.542969,106321,111177,-4856,4.57
119,Chile,Potatoes,-35.675147,-71.542969,233767,259976,-26209,11.21
120,Chile,"Rice, paddy",-35.675147,-71.542969,62051,53441,8610,13.88
121,Chile,Wheat,-35.675147,-71.542969,58143,53825,4318,7.43
122,Chile,Sweet potatoes,-35.675147,-71.542969,107692,112032,-4340,4.03
123,China,Maize,35.86166,104.195397,60159,58420,1739,2.89
124,China,Potatoes,35.86166,104.195397,170879,167494,3385,1.98
125,China,"Rice, paddy",35.86166,104.195397,67173,67909,-736,1.1
126,China,Wheat,35.86166,104.195397,50556,50005,551,1.09
127,China,Sorghum,35.86166,104.195397,49653,35667,13986,28.17
128,China,Soybeans,35.86166,104.195397,17600,17882,-282,1.6
129,China,Cassava,35.86166,104.195397,160877,162815,-1938,1.2
130,China,Sweet potatoes,35.86166,104.195397,210610,213991,-3381,1.61
131,Taiwan,Maize,23.69781,120.960515,63255,62554,701,1.11
132,Taiwan,Potatoes,23.69781,120.960515,243142,229839,13303,5.47
133,Taiwan,"Rice, paddy",23.69781,120.960515,58835,64297,-5462,9.28
134,Taiwan,Wheat,23.69781,120.960515,19889,37348,-17459,87.78
135,Taiwan,Sorghum,23.69781,120.960515,16751,20850,-4099,24.47
136,Taiwan,Soybeans,23.69781,120.960515,18742,19586,-844,4.51
137,Taiwan,Cassava,23.69781,120.960515,244656,232020,12636,5.16
138,Taiwan,Sweet potatoes,23.69781,120.960515,222710,230316,-7606,3.42
139,Colombia,Maize,4.570868,-74.297333,28246,28150,96,0.34
140,Colombia,Potatoes,4.570868,-74.297333,185619,184601,1018,0.55
141,Colombia,"Rice, paddy",4.570868,-74.297333,38371,49528,-11157,29.08
142,Colombia,Wheat,4.570868,-74.297333,16938,15801,1137,6.71
143,Colombia,Sorghum,4.570868,-74.297333,32034,-120702,152736,476.79
144,Colombia,Soybeans,4.570868,-74.297333,27250,22387,4863,17.85
145,Colombia,Cassava,4.570868,-74.297333,99633,95199,4434,4.45
146,Colombia,Yams,4.570868,-74.297333,109992,108811,1181,1.07
147,Colombia,Plantains and others,4.570868,-74.297333,84230,79853,4377,5.2
148,Côte d'Ivoire,Maize,7.539989,-5.54708,21505,22149,-644,3.0
149,Côte d'Ivoire,"Rice, paddy",7.539989,-5.54708,24565,26051,-1486,6.05
150,Côte d'Ivoire,Sorghum,7.539989,-5.54708,6729,7387,-658,9.79
151,Côte d'Ivoire,Soybeans,7.539989,-5.54708,9641,8103,1538,15.95
152,Côte d'Ivoire,Cassava,7.539989,-5.54708,65871,47338,18533,28.13
153,Côte d'Ivoire,Yams,7.539989,-5.54708,66096,59246,6850,10.36
154,Côte d'Ivoire,Sweet potatoes,7.539989,-5.54708,19306,1657285,-1637979,8484.3
155,Côte d'Ivoire,Plantains and others,7.539989,-5.54708,37690,33318,4372,11.6
156,Croatia,Maize,45.1,15.2,65000,44904,20096,30.92
157,Croatia,Potatoes,45.1,15.2,158785,141249,17536,11.04
158,Croatia,Wheat,45.1,15.2,48846,43917,4929,10.09
159,Croatia,Sorghum,45.1,15.2,50203,29118,21085,42.0
160,Croatia,Soybeans,45.1,15.2,23606,19739,3867,16.38
161,Czechia,Maize,49.817492,15.472962,69697,81718,-12021,17.25
162,Czechia,Potatoes,49.817492,15.472962,231179,295580,-64401,27.86
163,Czechia,Wheat,49.817492,15.472962,56676,43587,13089,23.09
164,Czechia,Soybeans,49.817492,15.472962,20702,21013,-311,1.5
165,Democratic Republic of the Congo,Maize,-4.038333,21.758664,7792,7777,15,0.19
166,Democratic Republic of the Congo,Potatoes,-4.038333,21.758664,46303,44096,2207,4.77
167,Democratic Republic of the Congo,"Rice, paddy",-4.038333,21.758664,7592,7581,11,0.15
168,Democratic Republic of the Congo,Wheat,-4.038333,21.758664,13136,13942,-806,6.14
169,Democratic Republic of the Congo,Sorghum,-4.038333,21.758664,6577,6614,-37,0.57
170,Democratic Republic of the Congo,Soybeans,-4.038333,21.758664,4865,4896,-31,0.64
171,Democratic Republic of the Congo,Cassava,-4.038333,21.758664,81346,81100,246,0.3
172,Democratic Republic of the Congo,Yams,-4.038333,21.758664,43691,44151,-460,1.05
173,Democratic Republic of the Congo,Sweet potatoes,-4.038333,21.758664,49989,50042,-53,0.11
174,Democratic Republic of the Congo,Plantains and others,-4.038333,21.758664,44501,44192,309,0.69
175,Denmark,Potatoes,56.26392,9.501785,415732,484794,-69062,16.61
176,Denmark,Wheat,56.26392,9.501785,72992,74867,-1875,2.57
177,Dominican Republic,Maize,18.735693,-70.162651,15764,15324,440,2.79
178,Dominican Republic,Potatoes,18.735693,-70.162651,256603,240075,16528,6.44
179,Dominican Republic,"Rice, paddy",18.735693,-70.162651,45123,43409,1714,3.8
180,Dominican Republic,Sorghum,18.735693,-70.162651,15303,15082,221,1.44
181,Dominican Republic,Cassava,18.735693,-70.162651,74585,77219,-2634,3.53
182,Dominican Republic,Yams,18.735693,-70.162651,63432,66923,-3491,5.5
183,Dominican Republic,Sweet potatoes,18.735693,-70.162651,79812,81827,-2015,2.52
184,Dominican Republic,Plantains and others,18.735693,-70.162651,199939,181950,17989,9.0
185,Ecuador,Maize,-1.831239,-78.183406,23702,23287,415,1.75
186,Ecuador,Potatoes,-1.831239,-78.183406,73131,84829,-11698,16.0
187,Ecuador,"Rice, paddy",-1.831239,-78.183406,38210,42317,-4107,10.75
188,Ecuador,Wheat,-1.831239,-78.183406,7064,8244,-1180,16.71
189,Ecuador,Sorghum,-1.831239,-78.183406,15608,15834,-226,1.45
190,Ecuador,Soybeans,-1.831239,-78.183406,16585,16442,143,0.86
191,Ecuador,Cassava,-1.831239,-78.183406,25112,45768,-20656,82.25
192,Ecuador,Sweet potatoes,-1.831239,-78.183406,19113,19712,-599,3.13
193,Ecuador,Plantains and others,-1.831239,-78.183406,49591,55826,-6235,12.57
194,Egypt,Maize,26.820553,30.802498,77223,79589,-2366,3.06
195,Egypt,Potatoes,26.820553,30.802498,266276,269109,-2833,1.06
196,Egypt,"Rice, paddy",26.820553,30.802498,95865,96430,-565,0.59
197,Egypt,Wheat,26.820553,30.802498,66682,69548,-2866,4.3
198,Egypt,Sorghum,26.820553,30.802498,53777,55644,-1867,3.47
199,Egypt,Soybeans,26.820553,30.802498,34767,38649,-3882,11.17
200,Egypt,Sweet potatoes,26.820553,30.802498,336781,320303,16478,4.89
201,El Salvador,Maize,13.794185,-88.89653,29461,29714,-253,0.86
202,El Salvador,Potatoes,13.794185,-88.89653,426047,279820,146227,34.32
203,El Salvador,"Rice, paddy",13.794185,-88.89653,61615,67091,-5476,8.89
204,El Salvador,Sorghum,13.794185,-88.89653,16633,15350,1283,7.72
205,El Salvador,Soybeans,13.794185,-88.89653,19231,18244,987,5.13
206,El Salvador,Cassava,13.794185,-88.89653,154928,116437,38491,24.84
207,El Salvador,Sweet potatoes,13.794185,-88.89653,58333,59477,-1144,1.96
208,El Salvador,Plantains and others,13.794185,-88.89653,153680,-246940,400620,260.68
209,Estonia,Potatoes,58.595272,25.013607,193558,175309,18249,9.43
210,Estonia,Wheat,58.595272,25.013607,32754,34980,-2226,6.8
211,Finland,Potatoes,61.92411,25.748151,281312,242705,38607,13.72
212,Finland,Wheat,61.92411,25.748151,38215,39746,-1531,4.01
213,France,Maize,46.227638,2.213749,81592,93831,-12239,15.0
214,France,Potatoes,46.227638,2.213749,431560,444418,-12858,2.98
215,France,"Rice, paddy",46.227638,2.213749,39400,54580,-15180,38.53
216,France,Wheat,46.227638,2.213749,72656,69279,3377,4.65
217,France,Sorghum,46.227638,2.213749,54344,60272,-5928,10.91
218,France,Soybeans,46.227638,2.213749,25599,29595,-3996,15.61
219,Germany,Maize,51.165691,10.451526,88276,100023,-11747,13.31
220,Germany,Potatoes,51.165691,10.451526,398258,434488,-36230,9.1
221,Germany,Wheat,51.165691,10.451526,79979,75698,4281,5.35
222,Ghana,Maize,7.946527,-1.023194,17240,18171,-931,5.4
223,Ghana,"Rice, paddy",7.946527,-1.023194,26378,25996,382,1.45
224,Ghana,Sorghum,7.946527,-1.023194,11369,14504,-3135,27.57
225,Ghana,Cassava,7.946527,-1.023194,182704,167976,14728,8.06
226,Ghana,Yams,7.946527,-1.023194,167820,158560,9260,5.52
227,Ghana,Sweet potatoes,7.946527,-1.023194,18243,17985,258,1.42
228,Ghana,Plantains and others,7.946527,-1.023194,108397,108267,130,0.12
229,Greece,Maize,39.074208,21.824312,106689,104848,1841,1.73
230,Greece,Potatoes,39.074208,21.824312,206787,199394,7393,3.58
231,Greece,"Rice, paddy",39.074208,21.824312,83964,77040,6924,8.25
232,Greece,Wheat,39.074208,21.824312,27777,26492,1285,4.63
233,Greece,Sorghum,39.074208,21.824312,26357,13530,12827,48.67
234,Greece,Soybeans,39.074208,21.824312,27376,26399,977,3.57
235,Greece,Sweet potatoes,39.074208,21.824312,221642,201938,19704,8.89
236,Guatemala,Maize,15.783471,-90.230759,20827,20286,541,2.6
237,Guatemala,Potatoes,15.783471,-90.230759,247554,253596,-6042,2.44
238,Guatemala,"Rice, paddy",15.783471,-90.230759,29387,28273,1114,3.79
239,Guatemala,Wheat,15.783471,-90.230759,20240,21159,-919,4.54
240,Guatemala,Sorghum,15.783471,-90.230759,17290,17960,-670,3.88
241,Guatemala,Soybeans,15.783471,-90.230759,25333,24430,903,3.56
242,Guatemala,Cassava,15.783471,-90.230759,12450,12309,141,1.13
243,Guatemala,Sweet potatoes,15.783471,-90.230759,63636,64522,-886,1.39
244,Guatemala,Plantains and others,15.783471,-90.230759,179551,186734,-7183,4.0
245,Guinea,Maize,9.945587,-9.696645,12500,13568,-1068,8.54
246,Guinea,Potatoes,9.945587,-9.696645,75236,33414,41822,55.59
247,Guinea,"Rice, paddy",9.945587,-9.696645,12500,-665,13165,105.32
248,Guinea,Sorghum,9.945587,-9.696645,9592,10073,-481,5.01
249,Guinea,Cassava,9.945587,-9.696645,69000,82786,-13786,19.98
250,Guinea,Yams,9.945587,-9.696645,113722,105952,7770,6.83
251,Guinea,Sweet potatoes,9.945587,-9.696645,34607,35895,-1288,3.72
252,Guinea,Plantains and others,9.945587,-9.696645,52200,52312,-112,0.21
253,Honduras,Maize,15.199999,-86.241905,16214,16425,-211,1.3
254,Honduras,Potatoes,15.199999,-86.241905,163465,138784,24681,15.1
255,Honduras,"Rice, paddy",15.199999,-86.241905,61214,56845,4369,7.14
256,Honduras,Wheat,15.199999,-86.241905,5528,5675,-147,2.66
257,Honduras,Sorghum,15.199999,-86.241905,11980,-6799,18779,156.75
258,Honduras,Soybeans,15.199999,-86.241905,20950,20861,89,0.42
259,Honduras,Cassava,15.199999,-86.241905,76637,73224,3413,4.45
260,Honduras,Sweet potatoes,15.199999,-86.241905,62500,62470,30,0.05
261,Honduras,Plantains and others,15.199999,-86.241905,121433,124083,-2650,2.18
262,Hungary,Maize,47.162494,19.503304,54373,48564,5809,10.68
263,Hungary,Potatoes,47.162494,19.503304,232630,235732,-3102,1.33
264,Hungary,"Rice, paddy",47.162494,19.503304,32727,43520,-10793,32.98
265,Hungary,Wheat,47.162494,19.503304,46386,39098,7288,15.71
266,Hungary,Sorghum,47.162494,19.503304,27111,31886,-4775,17.61
267,Hungary,Soybeans,47.162494,19.503304,18597,18536,61,0.33
268,India,Maize,20.593684,78.96288,25726,27477,-1751,6.81
269,India,Potatoes,20.593684,78.96288,227606,207737,19869,8.73
270,India,"Rice, paddy",20.593684,78.96288,36070,36245,-175,0.49
271,India,Wheat,20.593684,78.96288,31538,31596,-58,0.18
272,India,Sorghum,20.593684,78.96288,8502,9133,-631,7.43
273,India,Soybeans,20.593684,78.96288,10123,14694,-4571,45.15
274,India,Cassava,20.593684,78.96288,349594,384960,-35366,10.12
275,India,Sweet potatoes,20.593684,78.96288,101288,99056,2232,2.2
276,Indonesia,Maize,-0.789275,113.921327,48441,52193,-3752,7.75
277,Indonesia,Potatoes,-0.789275,113.921327,160184,162690,-2506,1.56
278,Indonesia,"Rice, paddy",-0.789275,113.921327,51520,51949,-429,0.83
279,Indonesia,Soybeans,-0.789275,113.921327,14161,15642,-1481,10.46
280,Indonesia,Cassava,-0.789275,113.921327,224601,230636,-6035,2.69
281,Indonesia,Sweet potatoes,-0.789275,113.921327,147465,151501,-4036,2.74
282,Iran,Maize,32.427908,53.688046,63859,55659,8200,12.84
283,Iran,Potatoes,32.427908,53.688046,289954,304584,-14630,5.05
284,Iran,"Rice, paddy",32.427908,53.688046,43363,45728,-2365,5.45
285,Iran,Wheat,32.427908,53.688046,14538,17681,-3143,21.62
286,Iran,Soybeans,32.427908,53.688046,22804,20879,1925,8.44
287,Iraq,Maize,33.223191,43.679291,42214,33725,8489,20.11
288,Iraq,Potatoes,33.223191,43.679291,170599,159841,10758,6.31
289,Iraq,"Rice, paddy",33.223191,43.679291,47162,47009,153,0.32
290,Iraq,Wheat,33.223191,43.679291,23068,24015,-947,4.1
291,Iraq,Sorghum,33.223191,43.679291,19215,778,18437,95.95
292,Iraq,Soybeans,33.223191,43.679291,8163,8258,-95,1.16
293,Ireland,Potatoes,53.41291,-8.24389,383271,300821,82450,21.51
294,Ireland,Wheat,53.41291,-8.24389,89983,83238,6745,7.5
295,Italy,Maize,41.87194,12.56738,86989,87245,-256,0.29
296,Italy,Potatoes,41.87194,12.56738,252483,253128,-645,0.26
297,Italy,"Rice, paddy",41.87194,12.56738,66342,63124,3218,4.85
298,Italy,Wheat,41.87194,12.56738,38441,39972,-1531,3.98
299,Italy,Sorghum,41.87194,12.56738,62061,46336,15725,25.34
300,Italy,Soybeans,41.87194,12.56738,33906,29836,4070,12.01
301,Italy,Sweet potatoes,41.87194,12.56738,227753,195550,32203,14.14
302,Jamaica,Maize,18.109581,-77.297508,11883,11492,391,3.29
303,Jamaica,Potatoes,18.109581,-77.297508,165914,168684,-2770,1.67
304,Jamaica,"Rice, paddy",18.109581,-77.297508,42000,63171,-21171,50.41
305,Jamaica,Cassava,18.109581,-77.297508,187795,190529,-2734,1.46
306,Jamaica,Yams,18.109581,-77.297508,165476,173439,-7963,4.81
307,Jamaica,Sweet potatoes,18.109581,-77.297508,172683,177848,-5165,2.99
308,Jamaica,Plantains and others,18.109581,-77.297508,184149,207905,-23756,12.9
309,Japan,Maize,36.204824,138.252924,27273,26127,1146,4.2
310,Japan,Potatoes,36.204824,138.252924,302133,297452,4681,1.55
311,Japan,"Rice, paddy",36.204824,138.252924,67280,66456,824,1.22
312,Japan,Wheat,36.204824,138.252924,38616,37227,1389,3.6
313,Japan,Soybeans,36.204824,138.252924,15520,16874,-1354,8.73
314,Japan,Yams,36.204824,138.252924,217415,231412,-13997,6.44
315,Japan,Sweet potatoes,36.204824,138.252924,244119,219141,24978,10.23
316,Kazakhstan,Maize,48.019573,66.923684,52779,50662,2117,4.01
317,Kazakhstan,Potatoes,48.019573,66.923684,181522,165465,16057,8.85
318,Kazakhstan,"Rice, paddy",48.019573,66.923684,38500,35740,2760,7.17
319,Kazakhstan,Wheat,48.019573,66.923684,10762,14747,-3985,37.03
320,Kazakhstan,Sorghum,48.019573,66.923684,2258,8146,-5888,260.76
321,Kazakhstan,Soybeans,48.019573,66.923684,19727,19827,-100,0.5
322,Kenya,Maize,-0.023559,37.906193,16922,15105,1817,10.74
323,Kenya,Potatoes,-0.023559,37.906193,144262,167137,-22875,15.86
324,Kenya,"Rice, paddy",-0.023559,37.906193,39955,32613,7342,18.38
325,Kenya,Wheat,-0.023559,37.906193,27602,17425,10177,36.87
326,Kenya,Sorghum,-0.023559,37.906193,7550,6813,737,9.77
327,Kenya,Soybeans,-0.023559,37.906193,12231,15016,-2785,22.77
328,Kenya,Cassava,-0.023559,37.906193,142470,155580,-13110,9.2
329,Kenya,Yams,-0.023559,37.906193,135962,99605,36357,26.74
330,Kenya,Sweet potatoes,-0.023559,37.906193,124706,149131,-24425,19.59
331,Kenya,Plantains and others,-0.023559,37.906193,119231,118141,1090,0.91
332,Latvia,Potatoes,56.879635,24.603189,181648,199640,-17992,9.9
333,Latvia,Wheat,56.879635,24.603189,38857,47968,-9111,23.45
334,Lebanon,Maize,33.854721,35.862285,35621,37002,-1381,3.88
335,Lebanon,Potatoes,33.854721,35.862285,260759,238865,21894,8.4
336,Lebanon,Wheat,33.854721,35.862285,32122,29502,2620,8.16
337,Lebanon,Sorghum,33.854721,35.862285,20000,19279,721,3.6
338,Libya,Maize,26.3351,17.228331,20000,22864,-2864,14.32
339,Libya,Potatoes,26.3351,17.228331,196667,191123,5544,2.82
340,Libya,Wheat,26.3351,17.228331,7955,7836,119,1.5
341,Lithuania,Maize,55.169438,23.881275,73953,62929,11024,14.91
342,Lithuania,Potatoes,55.169438,23.881275,148606,167320,-18714,12.59
343,Lithuania,Wheat,55.169438,23.881275,43022,47735,-4713,10.95
344,Madagascar,Maize,-18.766947,46.869107,16288,18426,-2138,13.13
345,Madagascar,Potatoes,-18.766947,46.869107,59375,59763,-388,0.65
346,Madagascar,"Rice, paddy",-18.766947,46.869107,39449,38168,1281,3.25
347,Madagascar,Wheat,-18.766947,46.869107,24122,24031,91,0.38
348,Madagascar,Sorghum,-18.766947,46.869107,5652,5848,-196,3.47
349,Madagascar,Soybeans,-18.766947,46.869107,5867,5983,-116,1.98
350,Madagascar,Cassava,-18.766947,46.869107,77707,77496,211,0.27
351,Madagascar,Sweet potatoes,-18.766947,46.869107,77058,76342,716,0.93
352,Malawi,Maize,-13.254308,34.301525,21708,21583,125,0.58
353,Malawi,Potatoes,-13.254308,34.301525,175414,173806,1608,0.92
354,Malawi,"Rice, paddy",-13.254308,34.301525,19174,19067,107,0.56
355,Malawi,Wheat,-13.254308,34.301525,14058,15032,-974,6.93
356,Malawi,Sorghum,-13.254308,34.301525,9647,7610,2037,21.12
357,Malawi,Soybeans,-13.254308,34.301525,9791,10466,-675,6.89
358,Malawi,Cassava,-13.254308,34.301525,228041,222110,5931,2.6
359,Malawi,Plantains and others,-13.254308,34.301525,100966,99512,1454,1.44
360,Malaysia,Maize,4.210484,101.975766,88991,81895,7096,7.97
361,Malaysia,"Rice, paddy",4.210484,101.975766,38763,38126,637,1.64
362,Malaysia,Cassava,4.210484,101.975766,155321,219438,-64117,41.28
363,Malaysia,Sweet potatoes,4.210484,101.975766,166824,146726,20098,12.05
364,Mali,Maize,17.570692,-3.996166,25927,30564,-4637,17.88
365,Mali,Potatoes,17.570692,-3.996166,193555,210907,-17352,8.96
366,Mali,"Rice, paddy",17.570692,-3.996166,30009,31620,-1611,5.37
367,Mali,Wheat,17.570692,-3.996166,39754,34947,4807,12.09
368,Mali,Sorghum,17.570692,-3.996166,11052,13511,-2459,22.25
369,Mali,Soybeans,17.570692,-3.996166,7219,7540,-321,4.44
370,Mali,Cassava,17.570692,-3.996166,155621,160757,-5136,3.3
371,Mali,Yams,17.570692,-3.996166,206300,212443,-6143,2.98
372,Mali,Sweet potatoes,17.570692,-3.996166,174581,182350,-7769,4.45
373,Mauritius,Maize,-20.348404,57.552152,67957,72150,-4193,6.17
374,Mauritius,Potatoes,-20.348404,57.552152,236026,226675,9351,3.96
375,Mauritius,Cassava,-20.348404,57.552152,137027,123474,13553,9.89
376,Mauritius,Sweet potatoes,-20.348404,57.552152,133049,152521,-19472,14.64
377,Mexico,Maize,23.634501,-102.552784,31941,30305,1636,5.12
378,Mexico,Potatoes,23.634501,-102.552784,267752,265487,2265,0.85
379,Mexico,"Rice, paddy",23.634501,-102.552784,54252,54935,-683,1.26
380,Mexico,Wheat,23.634501,-102.552784,52934,54810,-1876,3.54
381,Mexico,Sorghum,23.634501,-102.552784,37350,36952,398,1.07
382,Mexico,Soybeans,23.634501,-102.552784,15198,16069,-871,5.73
383,Mexico,Cassava,23.634501,-102.552784,146398,127819,18579,12.69
384,Mexico,Sweet potatoes,23.634501,-102.552784,183965,181580,2385,1.3
385,Morocco,Maize,31.791702,-7.09262,6632,5277,1355,20.43
386,Morocco,Potatoes,31.791702,-7.09262,363561,282530,81031,22.29
387,Morocco,"Rice, paddy",31.791702,-7.09262,75433,87149,-11716,15.53
388,Morocco,Wheat,31.791702,-7.09262,21640,569,21071,97.37
389,Morocco,Sorghum,31.791702,-7.09262,10637,8325,2312,21.74
390,Morocco,Soybeans,31.791702,-7.09262,10000,10000,0,0.0
391,Morocco,Sweet potatoes,31.791702,-7.09262,245134,239583,5551,2.26
392,Mozambique,Maize,-18.665695,35.529562,6814,13299,-6485,95.17
393,Mozambique,Potatoes,-18.665695,35.529562,135526,142980,-7454,5.5
394,Mozambique,"Rice, paddy",-18.665695,35.529562,2824,5872,-3048,107.92
395,Mozambique,Wheat,-18.665695,35.529562,10951,12636,-1685,15.38
396,Mozambique,Sorghum,-18.665695,35.529562,3572,5093,-1521,42.58
397,Mozambique,Cassava,-18.665695,35.529562,46115,85834,-39719,86.13
398,Mozambique,Sweet potatoes,-18.665695,35.529562,209796,153400,56396,26.88
399,Namibia,Maize,-22.95764,18.49041,18683,18985,-302,1.61
400,Namibia,Potatoes,-22.95764,18.49041,120727,124499,-3772,3.12
401,Namibia,Wheat,-22.95764,18.49041,62084,56936,5148,8.29
402,Namibia,Sorghum,-22.95764,18.49041,2860,4112,-1252,43.77
403,Netherlands,Maize,52.132633,5.291266,119446,121007,-1561,1.31
404,Netherlands,Potatoes,52.132633,5.291266,422075,462068,-39993,9.48
405,Netherlands,Wheat,52.132633,5.291266,87412,83373,4039,4.62
406,New Zealand,Maize,-40.900557,174.885971,108209,107273,936,0.86
407,New Zealand,Potatoes,-40.900557,174.885971,482926,487524,-4598,0.95
408,New Zealand,Wheat,-40.900557,174.885971,91053,88584,2469,2.71
409,New Zealand,Sweet potatoes,-40.900557,174.885971,113617,115509,-1892,1.67
410,Nicaragua,Maize,12.865416,-85.207229,11809,14507,-2698,22.85
411,Nicaragua,Potatoes,12.865416,-85.207229,170847,117540,53307,31.2
412,Nicaragua,"Rice, paddy",12.865416,-85.207229,49680,42313,7367,14.83
413,Nicaragua,Sorghum,12.865416,-85.207229,18259,18909,-650,3.56
414,Nicaragua,Soybeans,12.865416,-85.207229,21034,27586,-6552,31.15
415,Nicaragua,Cassava,12.865416,-85.207229,78931,82800,-3869,4.9
416,Nicaragua,Yams,12.865416,-85.207229,133333,133364,-31,0.02
417,Nicaragua,Plantains and others,12.865416,-85.207229,110413,100142,10271,9.3
418,Niger,Maize,17.607789,8.081666,12326,9842,2484,20.15
419,Niger,Potatoes,17.607789,8.081666,256815,193137,63678,24.8
420,Niger,"Rice, paddy",17.607789,8.081666,62834,58571,4263,6.78
421,Niger,Wheat,17.607789,8.081666,30090,17860,12230,40.64
422,Niger,Sorghum,17.607789,8.081666,3703,2839,864,23.34
423,Niger,Cassava,17.607789,8.081666,199719,118103,81616,40.87
424,Niger,Sweet potatoes,17.607789,8.081666,211608,157034,54574,25.79
425,North Macedonia,Maize,41.608635,21.745275,42269,39848,2421,5.73
426,North Macedonia,Potatoes,41.608635,21.745275,139459,139295,164,0.12
427,North Macedonia,"Rice, paddy",41.608635,21.745275,59916,50337,9579,15.99
428,North Macedonia,Wheat,41.608635,21.745275,31978,28358,3620,11.32
429,Norway,Potatoes,60.472024,8.468946,251702,233568,18134,7.2
430,Norway,Wheat,60.472024,8.468946,38841,49294,-10453,26.91
431,Pakistan,Maize,30.375321,69.345116,42313,40620,1693,4.0
432,Pakistan,Potatoes,30.375321,69.345116,218059,215562,2497,1.15
433,Pakistan,"Rice, paddy",30.375321,69.345116,37528,33186,4342,11.57
434,Pakistan,Wheat,30.375321,69.345116,27957,27960,-3,0.01
435,Pakistan,Sorghum,30.375321,69.345116,5987,6255,-268,4.47
436,Pakistan,Soybeans,30.375321,69.345116,7222,7432,-210,2.9
437,Pakistan,Sweet potatoes,30.375321,69.345116,88711,85470,3241,3.65
438,Papua New Guinea,Maize,-6.314993,143.95555,54545,50718,3827,7.02
439,Papua New Guinea,Potatoes,-6.314993,143.95555,61538,51121,10417,16.93
440,Papua New Guinea,"Rice, paddy",-6.314993,143.95555,20549,20393,156,0.76
441,Papua New Guinea,Sorghum,-6.314993,143.95555,39020,38432,588,1.51
442,Papua New Guinea,Cassava,-6.314993,143.95555,98663,98958,-295,0.3
443,Papua New Guinea,Yams,-6.314993,143.95555,175000,173110,1890,1.08
444,Papua New Guinea,Sweet potatoes,-6.314993,143.95555,50887,50333,554,1.09
445,Peru,Maize,-9.189967,-75.015152,32686,32623,63,0.19
446,Peru,Potatoes,-9.189967,-75.015152,144125,141214,2911,2.02
447,Peru,"Rice, paddy",-9.189967,-75.015152,77112,74409,2703,3.51
448,Peru,Wheat,-9.189967,-75.015152,14976,14620,356,2.38
449,Peru,Sorghum,-9.189967,-75.015152,38171,33541,4630,12.13
450,Peru,Soybeans,-9.189967,-75.015152,17893,18062,-169,0.95
451,Peru,Cassava,-9.189967,-75.015152,121025,120302,723,0.6
452,Peru,Sweet potatoes,-9.189967,-75.015152,183363,171319,12044,6.57
453,Peru,Plantains and others,-9.189967,-75.015152,128177,130522,-2345,1.83
454,Poland,Maize,51.919438,19.145136,65761,69766,-4005,6.09
455,Poland,Potatoes,51.919438,19.145136,210624,234793,-24169,11.48
456,Poland,Wheat,51.919438,19.145136,44367,42012,2355,5.31
457,Portugal,Maize,39.399872,-8.224454,83149,81633,1516,1.82
458,Portugal,Potatoes,39.399872,-8.224454,182243,166974,15269,8.38
459,Portugal,"Rice, paddy",39.399872,-8.224454,59699,59603,96,0.16
460,Portugal,Wheat,39.399872,-8.224454,17635,12630,5005,28.38
461,Portugal,Yams,39.399872,-8.224454,169492,165032,4460,2.63
462,Portugal,Sweet potatoes,39.399872,-8.224454,224367,77009,147358,65.68
463,South Korea,Maize,35.907757,127.766922,50591,50034,557,1.1
464,South Korea,Potatoes,35.907757,127.766922,265198,253995,11203,4.22
465,South Korea,"Rice, paddy",35.907757,127.766922,67638,63382,4256,6.29
466,South Korea,Wheat,35.907757,127.766922,25852,40730,-14878,57.55
467,South Korea,Sorghum,35.907757,127.766922,16065,15842,223,1.39
468,South Korea,Soybeans,35.907757,127.766922,19251,14454,4797,24.92
469,South Korea,Sweet potatoes,35.907757,127.766922,148384,152570,-4186,2.82
470,Moldova,Maize,47.411631,28.369885,31042,29379,1663,5.36
471,Moldova,Potatoes,47.411631,28.369885,100704,61440,39264,38.99
472,Moldova,Wheat,47.411631,28.369885,27551,12733,14818,53.78
473,Moldova,Sorghum,47.411631,28.369885,29524,4023,25501,86.37
474,Moldova,Soybeans,47.411631,28.369885,16620,4089,12531,75.4
475,Romania,Maize,45.943161,24.96676,44941,23080,21861,48.64
476,Romania,Potatoes,45.943161,24.96676,158462,132963,25499,16.09
477,Romania,"Rice, paddy",45.943161,24.96676,47194,44241,2953,6.26
478,Romania,Wheat,45.943161,24.96676,34786,29754,5032,14.46
479,Romania,Sorghum,45.943161,24.96676,23726,19332,4394,18.52
480,Romania,Soybeans,45.943161,24.96676,22242,15228,7014,31.54
481,Russia,Maize,61.52401,105.318756,50110,35396,14714,29.36
482,Russia,Potatoes,61.52401,105.318756,144644,119928,24716,17.09
483,Russia,"Rice, paddy",61.52401,105.318756,49473,55944,-6471,13.08
484,Russia,Wheat,61.52401,105.318756,22288,17922,4366,19.59
485,Russia,Sorghum,61.52401,105.318756,14357,10677,3680,25.63
486,Russia,Soybeans,61.52401,105.318756,12642,11685,957,7.57
487,Saudi Arabia,Maize,23.885942,45.079162,61024,59597,1427,2.34
488,Saudi Arabia,Potatoes,23.885942,45.079162,256547,251406,5141,2.0
489,Saudi Arabia,Wheat,23.885942,45.079162,64333,60308,4025,6.26
490,Saudi Arabia,Sorghum,23.885942,45.079162,26199,25439,760,2.9
491,Senegal,Maize,14.497401,-14.452362,14428,16227,-1799,12.47
492,Senegal,Potatoes,14.497401,-14.452362,225885,258866,-32981,14.6
493,Senegal,"Rice, paddy",14.497401,-14.452362,40181,41292,-1111,2.77
494,Senegal,Sorghum,14.497401,-14.452362,8458,10079,-1621,19.17
495,Senegal,Cassava,14.497401,-14.452362,69978,80368,-10390,14.85
496,Senegal,Sweet potatoes,14.497401,-14.452362,352871,59680,293191,83.09
497,Slovakia,Maize,48.669026,19.699024,50704,62141,-11437,22.56
498,Slovakia,Potatoes,48.669026,19.699024,183199,264571,-81372,44.42
499,Slovakia,Wheat,48.669026,19.699024,45808,36250,9558,20.87
500,Slovakia,Sorghum,48.669026,19.699024,19372,23998,-4626,23.88
501,Slovakia,Soybeans,48.669026,19.699024,13561,18045,-4484,33.07
502,Slovenia,Maize,46.151241,14.995463,54145,75028,-20883,38.57
503,Slovenia,Potatoes,46.151241,14.995463,187950,247195,-59245,31.52
504,Slovenia,Wheat,46.151241,14.995463,43528,55973,-12445,28.59
505,Slovenia,Soybeans,46.151241,14.995463,16655,25316,-8661,52.0
506,South Africa,Maize,-30.559482,22.937506,42466,41500,966,2.27
507,South Africa,Potatoes,-30.559482,22.937506,353546,353561,-15,0.0
508,South Africa,"Rice, paddy",-30.559482,22.937506,26087,27334,-1247,4.78
509,South Africa,Wheat,-30.559482,22.937506,36993,38284,-1291,3.49
510,South Africa,Sorghum,-30.559482,22.937506,23507,27698,-4191,17.83
511,South Africa,Soybeans,-30.559482,22.937506,15189,12760,2429,15.99
512,South Africa,Sweet potatoes,-30.559482,22.937506,29812,31323,-1511,5.07
513,Spain,Maize,40.463667,-3.74922,110445,109958,487,0.44
514,Spain,Potatoes,40.463667,-3.74922,309367,282455,26912,8.7
515,Spain,"Rice, paddy",40.463667,-3.74922,77902,72834,5068,6.51
516,Spain,Wheat,40.463667,-3.74922,36447,31558,4889,13.41
517,Spain,Sorghum,40.463667,-3.74922,50111,43754,6357,12.69
518,Spain,Soybeans,40.463667,-3.74922,28000,25355,2645,9.45
519,Spain,Sweet potatoes,40.463667,-3.74922,161919,181246,-19327,11.94
520,Sri Lanka,Maize,7.873054,80.771797,30868,34695,-3827,12.4
521,Sri Lanka,Potatoes,7.873054,80.771797,153210,145350,7860,5.13
522,Sri Lanka,"Rice, paddy",7.873054,80.771797,38897,38587,310,0.8
523,Sri Lanka,Sorghum,7.873054,80.771797,14227,12683,1544,10.85
524,Sri Lanka,Soybeans,7.873054,80.771797,16955,8767,8188,48.29
525,Sri Lanka,Cassava,7.873054,80.771797,126527,127017,-490,0.39
526,Sri Lanka,Sweet potatoes,7.873054,80.771797,93002,77918,15084,16.22
527,Sri Lanka,Plantains and others,7.873054,80.771797,114222,118573,-4351,3.81
528,Suriname,Maize,3.919305,-56.027783,24737,24708,29,0.12
529,Suriname,"Rice, paddy",3.919305,-56.027783,44965,42067,2898,6.45
530,Suriname,Soybeans,3.919305,-56.027783,10000,7584,2416,24.16
531,Suriname,Cassava,3.919305,-56.027783,298608,247618,50990,17.08
532,Suriname,Sweet potatoes,3.919305,-56.027783,169487,172022,-2535,1.5
533,Suriname,Plantains and others,3.919305,-56.027783,307428,321544,-14116,4.59
534,Sweden,Potatoes,60.128161,18.643501,337563,319980,17583,5.21
535,Sweden,Wheat,60.128161,18.643501,57792,61629,-3837,6.64
536,Switzerland,Maize,46.818188,8.227512,100837,109102,-8265,8.2
537,Switzerland,Potatoes,46.818188,8.227512,325935,434353,-108418,33.26
538,Switzerland,Wheat,46.818188,8.227512,53834,60574,-6740,12.52
539,Switzerland,Soybeans,46.818188,8.227512,25252,28504,-3252,12.88
540,Syria,Maize,34.802075,38.996815,36470,32160,4310,11.82
541,Syria,Potatoes,34.802075,38.996815,196853,201902,-5049,2.56
542,Syria,Wheat,34.802075,38.996815,23158,19390,3768,16.27
543,Syria,Sorghum,34.802075,38.996815,23695,18786,4909,20.72
544,Syria,Soybeans,34.802075,38.996815,25000,17601,7399,29.6
545,Tajikistan,Maize,38.861034,71.276093,124827,118241,6586,5.28
546,Tajikistan,Potatoes,38.861034,71.276093,251396,237598,13798,5.49
547,Tajikistan,"Rice, paddy",38.861034,71.276093,66592,43269,23323,35.02
548,Tajikistan,Wheat,38.861034,71.276093,29735,33015,-3280,11.03
549,Tajikistan,Sorghum,38.861034,71.276093,34000,8969,25031,73.62
550,Thailand,Maize,15.870032,100.992541,42242,42410,-168,0.4
551,Thailand,Potatoes,15.870032,100.992541,150014,153760,-3746,2.5
552,Thailand,"Rice, paddy",15.870032,100.992541,31463,29807,1656,5.26
553,Thailand,Wheat,15.870032,100.992541,12500,8485,4015,32.12
554,Thailand,Sorghum,15.870032,100.992541,19061,19361,-300,1.57
555,Thailand,Soybeans,15.870032,100.992541,17308,19544,-2236,12.92
556,Thailand,Cassava,15.870032,100.992541,218232,211098,7134,3.27
557,Tunisia,Potatoes,33.886917,9.537499,160417,148294,12123,7.56
558,Tunisia,Wheat,33.886917,9.537499,14614,20377,-5763,39.44
559,Tunisia,Sorghum,33.886917,9.537499,5106,5045,61,1.2
560,Turkey,Maize,38.963745,35.243322,89499,73552,15947,17.82
561,Turkey,Potatoes,38.963745,35.243322,315329,290430,24899,7.9
562,Turkey,"Rice, paddy",38.963745,35.243322,81380,78012,3368,4.14
563,Turkey,Wheat,38.963745,35.243322,28451,26416,2035,7.15
564,Turkey,Soybeans,38.963745,35.243322,41609,36844,4765,11.45
565,Uganda,Maize,1.373333,32.290275,24949,24229,720,2.88
566,Uganda,Potatoes,1.373333,32.290275,45013,45786,-773,1.72
567,Uganda,"Rice, paddy",1.373333,32.290275,23011,29197,-6186,26.88
568,Uganda,Wheat,1.373333,32.290275,14286,17565,-3279,22.95
569,Uganda,Sorghum,1.373333,32.290275,8016,10236,-2220,27.69
570,Uganda,Soybeans,1.373333,32.290275,5000,4356,644,12.88
571,Uganda,Cassava,1.373333,32.290275,35006,31293,3713,10.61
572,Uganda,Sweet potatoes,1.373333,32.290275,40059,42668,-2609,6.51
573,Uganda,Plantains and others,1.373333,32.290275,45000,46685,-1685,3.74
574,Ukraine,Maize,48.379433,31.16558,64119,37131,26988,42.09
575,Ukraine,Potatoes,48.379433,31.16558,159664,184688,-25024,15.67
576,Ukraine,"Rice, paddy",48.379433,31.16558,59938,69393,-9455,15.77
577,Ukraine,Wheat,48.379433,31.16558,33931,27222,6709,19.77
578,Ukraine,Sorghum,48.379433,31.16558,27409,2100,25309,92.34
579,Ukraine,Soybeans,48.379433,31.16558,20535,14326,6209,30.24
580,United Kingdom,Potatoes,55.378051,-3.435973,408993,366888,42105,10.29
581,United Kingdom,Wheat,55.378051,-3.435973,73838,73844,-6,0.01
582,Tanzania,Maize,-6.369028,34.888822,13000,10926,2074,15.96
583,Tanzania,Potatoes,-6.369028,34.888822,87000,63521,23479,26.99
584,Tanzania,"Rice, paddy",-6.369028,34.888822,23643,22473,1170,4.95
585,Tanzania,Wheat,-6.369028,34.888822,9700,6937,2763,28.48
586,Tanzania,Sorghum,-6.369028,34.888822,11697,9668,2029,17.35
587,Tanzania,Soybeans,-6.369028,34.888822,11054,8928,2126,19.23
588,Tanzania,Cassava,-6.369028,34.888822,55057,51590,3467,6.3
589,Tanzania,Yams,-6.369028,34.888822,66667,62999,3668,5.5
590,Tanzania,Sweet potatoes,-6.369028,34.888822,44006,17586,26420,60.04
591,Tanzania,Plantains and others,-6.369028,34.888822,19564,19609,-45,0.23
592,United States,Maize,37.09024,-95.712891,99256,72067,27189,27.39
593,United States,Potatoes,37.09024,-95.712891,463577,452972,10605,2.29
594,United States,"Rice, paddy",37.09024,-95.712891,86232,82712,3520,4.08
595,United States,Wheat,37.09024,-95.712891,31673,31642,31,0.1
596,United States,Sorghum,37.09024,-95.712891,37396,30109,7287,19.49
597,United States,Soybeans,37.09024,-95.712891,29615,26489,3126,10.55
598,United States,Sweet potatoes,37.09024,-95.712891,245411,233977,11434,4.66
599,Uruguay,Maize,-32.522779,-55.765835,56309,30843,25466,45.23
600,Uruguay,Potatoes,-32.522779,-55.765835,224434,200437,23997,10.69
601,Uruguay,"Rice, paddy",-32.522779,-55.765835,78812,90685,-11873,15.07
602,Uruguay,Wheat,-32.522779,-55.765835,33177,28681,4496,13.55
603,Uruguay,Sorghum,-32.522779,-55.765835,42653,44079,-1426,3.34
604,Uruguay,Soybeans,-32.522779,-55.765835,26333,21914,4419,16.78
605,Uruguay,Sweet potatoes,-32.522779,-55.765835,93902,95634,-1732,1.84
606,Venezuela,Maize,6.42375,-66.58973,38327,34572,3755,9.8
607,Venezuela,Potatoes,6.42375,-66.58973,197853,208209,-10356,5.23
608,Venezuela,"Rice, paddy",6.42375,-66.58973,50436,46810,3626,7.19
609,Venezuela,Wheat,6.42375,-66.58973,29815,29794,21,0.07
610,Venezuela,Sorghum,6.42375,-66.58973,23213,23632,-419,1.81
611,Venezuela,Soybeans,6.42375,-66.58973,11310,10916,394,3.49
612,Venezuela,Cassava,6.42375,-66.58973,125134,118755,6379,5.1
613,Venezuela,Yams,6.42375,-66.58973,95910,84592,11318,11.8
614,Venezuela,Sweet potatoes,6.42375,-66.58973,91532,94814,-3282,3.59
615,Venezuela,Plantains and others,6.42375,-66.58973,110438,110774,-336,0.3
616,Vietnam,Maize,14.058324,108.277199,44354,45729,-1375,3.1
617,Vietnam,Potatoes,14.058324,108.277199,135800,130669,5131,3.78
618,Vietnam,"Rice, paddy",14.058324,108.277199,55726,55865,-139,0.25
619,Vietnam,Soybeans,14.058324,108.277199,14360,15317,-957,6.67
620,Vietnam,Cassava,14.058324,108.277199,179334,176353,2981,1.66
621,Vietnam,Sweet potatoes,14.058324,108.277199,100243,100652,-409,0.41
622,Zambia,Maize,-13.133897,27.849332,25382,24414,968,3.82
623,Zambia,Potatoes,-13.133897,27.849332,158337,205648,-47311,29.88
624,Zambia,"Rice, paddy",-13.133897,27.849332,11617,17812,-6195,53.33
625,Zambia,Wheat,-13.133897,27.849332,65435,69696,-4261,6.51
626,Zambia,Sorghum,-13.133897,27.849332,6478,9975,-3497,53.99
627,Zambia,Soybeans,-13.133897,27.849332,20909,25766,-4857,23.23
628,Zambia,Cassava,-13.133897,27.849332,58248,58415,-167,0.29
629,Zambia,Sweet potatoes,-13.133897,27.849332,38873,38319,554,1.43
630,Zimbabwe,Maize,-19.015438,29.154857,7449,4621,2828,37.97
631,Zimbabwe,Potatoes,-19.015438,29.154857,165714,169485,-3771,2.28
632,Zimbabwe,"Rice, paddy",-19.015438,29.154857,22581,22829,-248,1.1
633,Zimbabwe,Wheat,-19.015438,29.154857,22888,28548,-5660,24.73
634,Zimbabwe,Sorghum,-19.015438,29.154857,3066,2945,121,3.94
635,Zimbabwe,Soybeans,-19.015438,29.154857,13142,17552,-4410,33.55
636,Zimbabwe,Cassava,-19.015438,29.154857,46000,45570,430,0.93
637,Zimbabwe,Sweet potatoes,-19.015438,29.154857,22222,22003,219,0.98
