Year,Area,Value,Value_1,Value_2,Value_3
2008,Afghanistan,0.0,0.0,4406.3,9202.64
2009,Afghanistan,556.23,0.0,0.0,4406.3
2010,Afghanistan,925.85,556.23,0.0,0.0
2011,Afghanistan,6845.57,925.85,556.23,0.0
2012,Afghanistan,1261.44,6845.57,925.85,556.23
2013,Afghanistan,3020.03,1261.44,6845.57,925.85
2008,Albania,17990.54,19297.12,19632.71,23135.83
2009,Albania,20852.74,17990.54,19297.12,19632.71
2010,Albania,21633.44,20852.74,17990.54,19297.12
2011,Albania,23341.22,21633.44,20852.74,17990.54
2012,Albania,22165.38,23341.22,21633.44,20852.74
2013,Albania,22906.47,22165.38,23341.22,21633.44
2008,Algeria,20760.0,52394.0,31784.0,32499.0
2009,Algeria,48800.0,20760.0,52394.0,31784.0
2010,Algeria,32800.0,48800.0,20760.0,52394.0
2011,Algeria,36500.0,32800.0,48800.0,20760.0
2012,Algeria,57500.0,36500.0,32800.0,48800.0
2013,Algeria,71300.0,57500.0,36500.0,32800.0
2008,Angola,3915.0,2405.0,1378.0,1501.0
2009,Angola,5097.0,3915.0,2405.0,1378.0
2010,Angola,8629.0,5097.0,3915.0,2405.0
2011,Angola,16868.0,8629.0,5097.0,3915.0
2012,Angola,7944.56,16868.0,8629.0,5097.0
2013,Angola,9444.63,7944.56,16868.0,8629.0
2008,Antigua and Barbuda,5.0,,5.0,6.0
2009,Antigua and Barbuda,15.0,5.0,,5.0
2010,Antigua and Barbuda,4.0,15.0,5.0,
2011,Antigua and Barbuda,7.0,4.0,15.0,5.0
2012,Antigua and Barbuda,8.36,7.0,4.0,15.0
2013,Antigua and Barbuda,10.4,8.36,7.0,4.0
2008,Argentina,436378.0,766161.0,618332.0,513245.0
2009,Argentina,296898.0,436378.0,766161.0,618332.0
2010,Argentina,683667.0,296898.0,436378.0,766161.0
2011,Argentina,724710.0,683667.0,296898.0,436378.0
2012,Argentina,595678.0,724710.0,683667.0,296898.0
2013,Argentina,601137.0,595678.0,724710.0,683667.0
2008,Armenia,23.0,0.0,0.0,33.0
2009,Armenia,0.3,23.0,0.0,0.0
2010,Armenia,34.2,0.3,23.0,0.0
2011,Armenia,415.5,34.2,0.3,23.0
2012,Armenia,65.6,415.5,34.2,0.3
2013,Armenia,559.4,65.6,415.5,34.2
2008,Australia,825184.84,990348.33,992262.06,1041739.6
2009,Australia,647005.66,825184.84,990348.33,992262.06
2010,Australia,823642.39,647005.66,825184.84,990348.33
2011,Australia,880364.63,823642.39,647005.66,825184.84
2012,Australia,883685.59,880364.63,823642.39,647005.66
2013,Australia,842369.51,883685.59,880364.63,823642.39
2008,Austria,44704.0,37925.0,34979.0,36320.0
2009,Austria,17531.0,44704.0,37925.0,34979.0
2010,Austria,22121.0,17531.0,44704.0,37925.0
2011,Austria,29268.0,22121.0,17531.0,44704.0
2012,Austria,26198.0,29268.0,22121.0,17531.0
2013,Austria,29658.0,26198.0,29268.0,22121.0
2008,Azerbaijan,6030.0,1322.0,2100.0,3214.0
2009,Azerbaijan,2670.0,6030.0,1322.0,2100.0
2010,Azerbaijan,2132.0,2670.0,6030.0,1322.0
2011,Azerbaijan,3115.0,2132.0,2670.0,6030.0
2012,Azerbaijan,6061.0,3115.0,2132.0,2670.0
2013,Azerbaijan,10017.0,6061.0,3115.0,2132.0
2012,Bahamas,294.5,,,
2013,Bahamas,315.95,294.5,,
2008,Bahrain,54.85,113.6,70.34,70.34
2009,Bahrain,51.95,54.85,113.6,70.34
2010,Bahrain,60.96,51.95,54.85,113.6
2011,Bahrain,70.34,60.96,51.95,54.85
2012,Bahrain,70.34,70.34,60.96,51.95
2013,Bahrain,70.34,70.34,70.34,60.96
2008,Bangladesh,109700.0,256050.0,298610.0,326713.0
2009,Bangladesh,170219.0,109700.0,256050.0,298610.0
2010,Bangladesh,296086.0,170219.0,109700.0,256050.0
2011,Bangladesh,399740.0,296086.0,170219.0,109700.0
2012,Bangladesh,500020.0,399740.0,296086.0,170219.0
2013,Bangladesh,500480.0,500020.0,399740.0,296086.0
2008,Barbados,178.0,572.0,595.0,131.0
2009,Barbados,407.0,178.0,572.0,595.0
2010,Barbados,1157.0,407.0,178.0,572.0
2011,Barbados,245.0,1157.0,407.0,178.0
2012,Barbados,666.82,245.0,1157.0,407.0
2013,Barbados,9.46,666.82,245.0,1157.0
2008,Belarus,181000.0,191000.0,204700.0,129500.0
2009,Belarus,231700.0,181000.0,191000.0,204700.0
2010,Belarus,233700.0,231700.0,181000.0,191000.0
2011,Belarus,292100.0,233700.0,231700.0,181000.0
2012,Belarus,221257.0,292100.0,233700.0,231700.0
2013,Belarus,207871.0,221257.0,292100.0,233700.0
2008,Belgium,15917.0,45304.0,47292.0,49829.0
2009,Belgium,23010.0,15917.0,45304.0,47292.0
2010,Belgium,27820.0,23010.0,15917.0,45304.0
2011,Belgium,24818.0,27820.0,23010.0,15917.0
2012,Belgium,24817.0,24818.0,27820.0,23010.0
2013,Belgium,24379.0,24817.0,24818.0,27820.0
2008,Belize,1626.0,1560.0,3359.0,1545.0
2009,Belize,2724.0,1626.0,1560.0,3359.0
2010,Belize,1302.0,2724.0,1626.0,1560.0
2011,Belize,11451.0,1302.0,2724.0,1626.0
2012,Belize,3467.79,11451.0,1302.0,2724.0
2013,Belize,8391.99,3467.79,11451.0,1302.0
2008,Benin,415.0,19.0,11.0,404.0
2009,Benin,5283.0,415.0,19.0,11.0
2010,Benin,10737.0,5283.0,415.0,19.0
2011,Benin,3060.0,10737.0,5283.0,415.0
2012,Benin,8909.21,3060.0,10737.0,5283.0
2013,Benin,4264.5,8909.21,3060.0,10737.0
2013,Bermuda,24.28,,,
2008,Bhutan,240.0,254.0,252.0,221.0
2009,Bhutan,474.0,240.0,254.0,252.0
2010,Bhutan,192.0,474.0,240.0,254.0
2011,Bhutan,274.0,192.0,474.0,240.0
2012,Bhutan,171.9,274.0,192.0,474.0
2013,Bhutan,265.7,171.9,274.0,192.0
2008,Bolivia (Plurinational State of),4576.0,8498.0,4094.0,7750.0
2009,Bolivia (Plurinational State of),8258.0,4576.0,8498.0,4094.0
2010,Bolivia (Plurinational State of),10833.0,8258.0,4576.0,8498.0
2011,Bolivia (Plurinational State of),9301.0,10833.0,8258.0,4576.0
2012,Bolivia (Plurinational State of),11383.79,9301.0,10833.0,8258.0
2013,Bolivia (Plurinational State of),15283.96,11383.79,9301.0,10833.0
2008,Bosnia and Herzegovina,8686.0,12454.23,10114.0,11722.73
2009,Bosnia and Herzegovina,4566.94,8686.0,12454.23,10114.0
2010,Bosnia and Herzegovina,10244.0,4566.94,8686.0,12454.23
2011,Bosnia and Herzegovina,9676.0,10244.0,4566.94,8686.0
2012,Bosnia and Herzegovina,9842.93,9676.0,10244.0,4566.94
2013,Bosnia and Herzegovina,8817.22,9842.93,9676.0,10244.0
2009,Botswana,898.0,,,
2010,Botswana,837.0,898.0,,
2011,Botswana,741.0,837.0,898.0,
2012,Botswana,252.0,741.0,837.0,898.0
2013,Botswana,389.0,252.0,741.0,837.0
2008,Brazil,3564355.03,4075612.71,3056563.73,2879511.09
2009,Brazil,2642294.74,3564355.03,4075612.71,3056563.73
2010,Brazil,3307595.03,2642294.74,3564355.03,4075612.71
2011,Brazil,4289256.15,3307595.03,2642294.74,3564355.03
2012,Brazil,4087623.19,4289256.15,3307595.03,2642294.74
2013,Brazil,4922891.85,4087623.19,4289256.15,3307595.03
2008,Brunei Darussalam,93.0,339.0,50.0,138.0
2009,Brunei Darussalam,119.0,93.0,339.0,50.0
2010,Brunei Darussalam,552.0,119.0,93.0,339.0
2011,Brunei Darussalam,75.0,552.0,119.0,93.0
2012,Brunei Darussalam,80.0,75.0,552.0,119.0
2013,Brunei Darussalam,76.0,80.0,75.0,552.0
2008,Bulgaria,122366.0,109423.0,76428.0,39325.0
2009,Bulgaria,46888.0,122366.0,109423.0,76428.0
2010,Bulgaria,28148.0,46888.0,122366.0,109423.0
2011,Bulgaria,48780.0,28148.0,46888.0,122366.0
2012,Bulgaria,49000.0,48780.0,28148.0,46888.0
2013,Bulgaria,52123.0,49000.0,48780.0,28148.0
2008,Burkina Faso,13460.0,13354.0,18000.0,22147.0
2009,Burkina Faso,12742.0,13460.0,13354.0,18000.0
2010,Burkina Faso,7726.0,12742.0,13460.0,13354.0
2011,Burkina Faso,15274.0,7726.0,12742.0,13460.0
2012,Burkina Faso,16735.25,15274.0,7726.0,12742.0
2013,Burkina Faso,23080.43,16735.25,15274.0,7726.0
2008,Burundi,372.0,685.0,639.0,2256.0
2009,Burundi,623.0,372.0,685.0,639.0
2010,Burundi,1333.0,623.0,372.0,685.0
2011,Burundi,2677.0,1333.0,623.0,372.0
2012,Burundi,2494.9,2677.0,1333.0,623.0
2013,Burundi,6798.6,2494.9,2677.0,1333.0
2008,Cambodia,22997.62,25552.23,26756.42,26083.57
2009,Cambodia,30653.24,22997.62,25552.23,26756.42
2010,Cambodia,34895.67,30653.24,22997.62,25552.23
2011,Cambodia,38028.08,34895.67,30653.24,22997.62
2012,Cambodia,44012.31,38028.08,34895.67,30653.24
2013,Cambodia,40837.52,44012.31,38028.08,34895.67
2008,Cameroon,6821.0,6898.0,11364.0,6177.0
2009,Cameroon,4509.0,6821.0,6898.0,11364.0
2010,Cameroon,10725.0,4509.0,6821.0,6898.0
2011,Cameroon,8684.0,10725.0,4509.0,6821.0
2012,Cameroon,12593.08,8684.0,10725.0,4509.0
2013,Cameroon,10135.34,12593.08,8684.0,10725.0
2008,Canada,671423.0,743994.0,615799.0,693121.0
2009,Canada,561811.0,671423.0,743994.0,615799.0
2010,Canada,650749.0,561811.0,671423.0,743994.0
2011,Canada,822189.0,650749.0,561811.0,671423.0
2012,Canada,768247.17,822189.0,650749.0,561811.0
2013,Canada,857000.0,768247.17,822189.0,650749.0
2008,Central African Republic,82.51,194.4,97.2,0.0
2009,Central African Republic,81.0,82.51,194.4,97.2
2010,Central African Republic,210.0,81.0,82.51,194.4
2011,Central African Republic,247.8,210.0,81.0,82.51
2012,Central African Republic,62.4,247.8,210.0,81.0
2013,Central African Republic,31.2,62.4,247.8,210.0
2008,Chile,132382.0,168422.0,143327.0,124584.0
2009,Chile,96090.0,132382.0,168422.0,143327.0
2010,Chile,125955.0,96090.0,132382.0,168422.0
2011,Chile,121816.0,125955.0,96090.0,132382.0
2012,Chile,120575.0,121816.0,125955.0,96090.0
2013,Chile,128564.0,120575.0,121816.0,125955.0
2008,China,10860930.42,10446689.97,12068054.27,11637786.79
2009,China,12928777.28,10860930.42,10446689.97,12068054.27
2010,China,14392795.27,12928777.28,10860930.42,10446689.97
2011,China,13805239.64,14392795.27,12928777.28,10860930.42
2012,China,13939703.28,13805239.64,14392795.27,12928777.28
2013,China,13895270.2,13939703.28,13805239.64,14392795.27
2008,"China, mainland",10727334.42,10295624.97,11910882.27,11493872.79
2009,"China, mainland",12800676.28,10727334.42,10295624.97,11910882.27
2010,"China, mainland",14259456.49,12800676.28,10727334.42,10295624.97
2011,"China, mainland",13675669.0,14259456.49,12800676.28,10727334.42
2012,"China, mainland",13808728.99,13675669.0,14259456.49,12800676.28
2013,"China, mainland",13762192.81,13808728.99,13675669.0,14259456.49
2008,"China, Taiwan Province of",133596.0,151065.0,157172.0,143914.0
2009,"China, Taiwan Province of",128101.0,133596.0,151065.0,157172.0
2010,"China, Taiwan Province of",133338.78,128101.0,133596.0,151065.0
2011,"China, Taiwan Province of",129570.64,133338.78,128101.0,133596.0
2012,"China, Taiwan Province of",130974.29,129570.64,133338.78,128101.0
2013,"China, Taiwan Province of",133077.39,130974.29,129570.64,133338.78
2008,Colombia,155684.2,192109.31,202104.13,171880.38
2009,Colombia,144779.72,155684.2,192109.31,202104.13
2010,Colombia,198056.13,144779.72,155684.2,192109.31
2011,Colombia,198555.99,198056.13,144779.72,155684.2
2012,Colombia,229924.15,198555.99,198056.13,144779.72
2013,Colombia,197565.75,229924.15,198555.99,198056.13
2008,Congo,66.0,64.0,2.0,23.0
2009,Congo,741.0,66.0,64.0,2.0
2010,Congo,89.0,741.0,66.0,64.0
2011,Congo,159.0,89.0,741.0,66.0
2012,Congo,165.82,159.0,89.0,741.0
2013,Congo,366.42,165.82,159.0,89.0
2008,Cook Islands,17.0,2.0,18.0,19.0
2009,Cook Islands,17.0,17.0,2.0,18.0
2010,Cook Islands,6.0,17.0,17.0,2.0
2011,Cook Islands,6.0,6.0,17.0,17.0
2012,Cook Islands,6.06,6.0,6.0,17.0
2013,Cook Islands,6.36,6.06,6.0,6.0
2008,Costa Rica,21185.7,24598.18,24246.29,21630.94
2009,Costa Rica,16666.29,21185.7,24598.18,24246.29
2010,Costa Rica,17152.29,16666.29,21185.7,24598.18
2011,Costa Rica,25604.19,17152.29,16666.29,21185.7
2012,Costa Rica,21384.11,25604.19,17152.29,16666.29
2013,Costa Rica,17295.53,21384.11,25604.19,17152.29
2008,Côte d'Ivoire,4740.0,15809.0,22312.0,10746.0
2009,Côte d'Ivoire,6798.0,4740.0,15809.0,22312.0
2010,Côte d'Ivoire,22537.0,6798.0,4740.0,15809.0
2011,Côte d'Ivoire,9192.0,22537.0,6798.0,4740.0
2012,Côte d'Ivoire,18636.64,9192.0,22537.0,6798.0
2013,Côte d'Ivoire,36486.51,18636.64,9192.0,22537.0
2008,Croatia,90606.0,77708.0,82036.0,76410.0
2009,Croatia,44360.0,90606.0,77708.0,82036.0
2010,Croatia,102253.0,44360.0,90606.0,77708.0
2011,Croatia,98478.0,102253.0,44360.0,90606.0
2012,Croatia,32820.0,98478.0,102253.0,44360.0
2013,Croatia,28680.0,32820.0,98478.0,102253.0
2008,Cuba,27549.92,21114.92,25318.21,13777.16
2009,Cuba,5680.49,27549.92,21114.92,25318.21
2010,Cuba,24919.69,5680.49,27549.92,21114.92
2011,Cuba,20906.01,24919.69,5680.49,27549.92
2012,Cuba,28750.05,20906.01,24919.69,5680.49
2013,Cuba,27500.87,28750.05,20906.01,24919.69
2008,Cyprus,2151.0,4517.0,4726.0,4903.0
2009,Cyprus,5142.0,2151.0,4517.0,4726.0
2010,Cyprus,5235.0,5142.0,2151.0,4517.0
2011,Cyprus,2765.0,5235.0,5142.0,2151.0
2012,Cyprus,4909.0,2765.0,5235.0,5142.0
2013,Cyprus,4455.0,4909.0,2765.0,5235.0
2008,Czechia,35218.0,49034.0,47083.0,43368.0
2009,Czechia,35078.0,35218.0,49034.0,47083.0
2010,Czechia,39991.0,35078.0,35218.0,49034.0
2011,Czechia,43001.0,39991.0,35078.0,35218.0
2012,Czechia,41118.0,43001.0,39991.0,35078.0
2013,Czechia,41488.0,41118.0,43001.0,39991.0
2008,Democratic People's Republic of Korea,336.38,19.3,326.73,21253.0
2009,Democratic People's Republic of Korea,87.84,336.38,19.3,326.73
2010,Democratic People's Republic of Korea,118.78,87.84,336.38,19.3
2011,Democratic People's Republic of Korea,181.68,118.78,87.84,336.38
2012,Democratic People's Republic of Korea,231.85,181.68,118.78,87.84
2013,Democratic People's Republic of Korea,2885.85,231.85,181.68,118.78
2008,Democratic Republic of the Congo,891.0,468.0,245.0,40.0
2009,Democratic Republic of the Congo,690.0,891.0,468.0,245.0
2010,Democratic Republic of the Congo,818.0,690.0,891.0,468.0
2011,Democratic Republic of the Congo,968.0,818.0,690.0,891.0
2012,Democratic Republic of the Congo,1214.95,968.0,818.0,690.0
2013,Democratic Republic of the Congo,1274.12,1214.95,968.0,818.0
2008,Denmark,40049.0,40663.0,39806.0,41662.0
2009,Denmark,22395.0,40049.0,40663.0,39806.0
2010,Denmark,32982.0,22395.0,40049.0,40663.0
2011,Denmark,34257.0,32982.0,22395.0,40049.0
2012,Denmark,23000.0,34257.0,32982.0,22395.0
2013,Denmark,34911.0,23000.0,34257.0,32982.0
2008,Dominica,10.0,748.0,244.0,459.0
2009,Dominica,114.0,10.0,748.0,244.0
2010,Dominica,105.0,114.0,10.0,748.0
2011,Dominica,338.0,105.0,114.0,10.0
2012,Dominica,195.46,338.0,105.0,114.0
2013,Dominica,221.39,195.46,338.0,105.0
2008,Dominican Republic,20270.0,14605.0,5359.0,3412.0
2009,Dominican Republic,17722.0,20270.0,14605.0,5359.0
2010,Dominican Republic,25996.0,17722.0,20270.0,14605.0
2011,Dominican Republic,22196.0,25996.0,17722.0,20270.0
2012,Dominican Republic,21348.0,22196.0,25996.0,17722.0
2013,Dominican Republic,23878.0,21348.0,22196.0,25996.0
2008,Ecuador,26159.0,37043.0,35754.0,38615.0
2009,Ecuador,31736.0,26159.0,37043.0,35754.0
2010,Ecuador,38287.0,31736.0,26159.0,37043.0
2011,Ecuador,33233.0,38287.0,31736.0,26159.0
2012,Ecuador,34211.82,33233.0,38287.0,31736.0
2013,Ecuador,39862.54,34211.82,33233.0,38287.0
2008,Egypt,180400.0,169400.0,240000.0,181000.0
2009,Egypt,150000.0,180400.0,169400.0,240000.0
2010,Egypt,150300.0,150000.0,180400.0,169400.0
2011,Egypt,150000.0,150300.0,150000.0,180400.0
2012,Egypt,163000.0,150000.0,150300.0,150000.0
2013,Egypt,279300.0,163000.0,150000.0,150300.0
2008,El Salvador,7704.0,16080.0,12883.0,22071.0
2009,El Salvador,9562.0,7704.0,16080.0,12883.0
2010,El Salvador,25460.0,9562.0,7704.0,16080.0
2011,El Salvador,27996.0,25460.0,9562.0,7704.0
2012,El Salvador,20509.88,27996.0,25460.0,9562.0
2013,El Salvador,18702.87,20509.88,27996.0,25460.0
2009,Eritrea,1380.0,,1678.0,2.0
2012,Eritrea,58.39,,,1380.0
2013,Eritrea,0.0,58.39,,
2008,Estonia,9590.0,8061.0,8099.0,6283.0
2009,Estonia,5660.0,9590.0,8061.0,8099.0
2010,Estonia,6117.0,5660.0,9590.0,8061.0
2011,Estonia,6139.0,6117.0,5660.0,9590.0
2012,Estonia,6769.0,6139.0,6117.0,5660.0
2013,Estonia,7166.0,6769.0,6139.0,6117.0
2008,Ethiopia,122253.0,119149.0,64483.0,59300.0
2009,Ethiopia,127990.0,122253.0,119149.0,64483.0
2010,Ethiopia,162062.0,127990.0,122253.0,119149.0
2011,Ethiopia,161107.0,162062.0,127990.0,122253.0
2012,Ethiopia,220310.11,161107.0,162062.0,127990.0
2013,Ethiopia,110200.45,220310.11,161107.0,162062.0
2008,Fiji,170.0,16.0,28.0,46.0
2009,Fiji,578.0,170.0,16.0,28.0
2010,Fiji,248.0,578.0,170.0,16.0
2011,Fiji,32.0,248.0,578.0,170.0
2012,Fiji,383.52,32.0,248.0,578.0
2013,Fiji,814.36,383.52,32.0,248.0
2008,Finland,25000.0,40000.0,42000.0,44000.0
2009,Finland,29000.0,25000.0,40000.0,42000.0
2010,Finland,27000.0,29000.0,25000.0,40000.0
2011,Finland,24000.0,27000.0,29000.0,25000.0
2012,Finland,24000.0,24000.0,27000.0,29000.0
2013,Finland,25632.61,24000.0,24000.0,27000.0
2008,France,296000.0,632000.0,555552.0,597000.0
2009,France,164835.0,296000.0,632000.0,555552.0
2010,France,278035.0,164835.0,296000.0,632000.0
2011,France,241585.0,278035.0,164835.0,296000.0
2012,France,434321.0,241585.0,278035.0,164835.0
2013,France,483391.0,434321.0,241585.0,278035.0
2008,French Polynesia,218.0,256.0,233.0,225.0
2009,French Polynesia,211.0,218.0,256.0,233.0
2010,French Polynesia,209.0,211.0,218.0,256.0
2011,French Polynesia,182.0,209.0,211.0,218.0
2012,French Polynesia,163.95,182.0,209.0,211.0
2013,French Polynesia,174.71,163.95,182.0,209.0
2008,Gabon,304.0,316.0,299.0,261.0
2009,Gabon,298.0,304.0,316.0,299.0
2010,Gabon,22.0,298.0,304.0,316.0
2011,Gabon,250.0,22.0,298.0,304.0
2012,Gabon,892.53,250.0,22.0,298.0
2013,Gabon,740.24,892.53,250.0,22.0
2008,Gambia,375.0,600.0,750.0,750.0
2009,Gambia,675.0,375.0,600.0,750.0
2010,Gambia,750.0,675.0,375.0,600.0
2011,Gambia,998.0,750.0,675.0,375.0
2012,Gambia,331.6,998.0,750.0,675.0
2013,Gambia,81.48,331.6,998.0,750.0
2008,Georgia,697.32,412.0,420.0,734.0
2009,Georgia,785.91,697.32,412.0,420.0
2010,Georgia,836.6,785.91,697.32,412.0
2011,Georgia,1670.84,836.6,785.91,697.32
2012,Georgia,3090.46,1670.84,836.6,785.91
2013,Georgia,6029.77,3090.46,1670.84,836.6
2008,Germany,174345.0,316692.0,264610.0,273937.0
2009,Germany,235159.0,174345.0,316692.0,264610.0
2010,Germany,286348.0,235159.0,174345.0,316692.0
2011,Germany,247080.0,286348.0,235159.0,174345.0
2012,Germany,284168.0,247080.0,286348.0,235159.0
2013,Germany,283997.0,284168.0,247080.0,286348.0
2008,Ghana,9933.0,13340.0,15196.0,6306.0
2009,Ghana,33515.0,9933.0,13340.0,15196.0
2010,Ghana,24799.0,33515.0,9933.0,13340.0
2011,Ghana,17856.0,24799.0,33515.0,9933.0
2012,Ghana,70190.0,17856.0,24799.0,33515.0
2013,Ghana,39045.0,70190.0,17856.0,24799.0
2008,Greece,64173.2,75632.7,82508.4,87092.2
2009,Greece,55010.18,64173.2,75632.7,82508.4
2010,Greece,68924.31,55010.18,64173.2,75632.7
2011,Greece,57407.51,68924.31,55010.18,64173.2
2012,Greece,56000.0,57407.51,68924.31,55010.18
2013,Greece,58455.0,56000.0,57407.51,68924.31
2008,Guatemala,25093.0,55163.0,50741.0,60352.0
2009,Guatemala,28771.0,25093.0,55163.0,50741.0
2010,Guatemala,65582.0,28771.0,25093.0,55163.0
2011,Guatemala,51752.0,65582.0,28771.0,25093.0
2012,Guatemala,65976.52,51752.0,65582.0,28771.0
2013,Guatemala,59058.24,65976.52,51752.0,65582.0
2008,Guinea,446.0,111.0,24.0,101.0
2009,Guinea,423.0,446.0,111.0,24.0
2010,Guinea,99.0,423.0,446.0,111.0
2011,Guinea,2692.0,99.0,423.0,446.0
2012,Guinea,1673.1,2692.0,99.0,423.0
2013,Guinea,3084.96,1673.1,2692.0,99.0
2008,Guyana,5593.0,7338.0,1521.0,1601.0
2009,Guyana,1740.0,5593.0,7338.0,1521.0
2010,Guyana,2030.0,1740.0,5593.0,7338.0
2011,Guyana,5055.0,2030.0,1740.0,5593.0
2012,Guyana,6135.01,5055.0,2030.0,1740.0
2013,Guyana,4996.94,6135.01,5055.0,2030.0
2008,Honduras,16565.21,21414.38,20783.74,14829.71
2009,Honduras,11716.03,16565.21,21414.38,20783.74
2010,Honduras,15327.63,11716.03,16565.21,21414.38
2011,Honduras,23195.1,15327.63,11716.03,16565.21
2012,Honduras,18301.73,23195.1,15327.63,11716.03
2013,Honduras,21794.49,18301.73,23195.1,15327.63
2008,Hungary,61113.0,87000.0,75000.0,61000.0
2009,Hungary,40438.0,61113.0,87000.0,75000.0
2010,Hungary,41094.0,40438.0,61113.0,87000.0
2011,Hungary,50300.0,41094.0,40438.0,61113.0
2012,Hungary,58941.0,50300.0,41094.0,40438.0
2013,Hungary,76147.0,58941.0,50300.0,41094.0
2008,Iceland,5459.0,5982.0,5418.0,4429.0
2009,Iceland,4299.0,5459.0,5982.0,5418.0
2010,Iceland,5617.0,4299.0,5459.0,5982.0
2011,Iceland,6110.0,5617.0,4299.0,5459.0
2012,Iceland,7033.0,6110.0,5617.0,4299.0
2013,Iceland,6822.0,7033.0,6110.0,5617.0
2008,India,6051820.0,5518072.0,5550200.0,5209967.0
2009,India,7249010.0,6051820.0,5518072.0,5550200.0
2010,India,8195773.0,7249010.0,6051820.0,5518072.0
2011,India,8409634.0,8195773.0,7249010.0,6051820.0
2012,India,6653400.0,8409634.0,8195773.0,7249010.0
2013,India,5633500.0,6653400.0,8409634.0,8195773.0
2008,Indonesia,358040.0,358040.0,354076.0,327794.0
2009,Indonesia,507286.0,358040.0,358040.0,354076.0
2010,Indonesia,499220.0,507286.0,358040.0,358040.0
2011,Indonesia,579015.0,499220.0,507286.0,358040.0
2012,Indonesia,1353317.0,579015.0,499220.0,507286.0
2013,Indonesia,1009189.0,1353317.0,579015.0,499220.0
2008,Iran (Islamic Republic of),384668.56,392758.58,572636.06,464051.22
2009,Iran (Islamic Republic of),339435.38,384668.56,392758.58,572636.06
2010,Iran (Islamic Republic of),404094.36,339435.38,384668.56,392758.58
2011,Iran (Islamic Republic of),144967.16,404094.36,339435.38,384668.56
2012,Iran (Islamic Republic of),89330.16,144967.16,404094.36,339435.38
2013,Iran (Islamic Republic of),204036.68,89330.16,144967.16,404094.36
2008,Iraq,63640.0,59540.0,55000.0,62507.0
2009,Iraq,46371.0,63640.0,59540.0,55000.0
2010,Iraq,24380.0,46371.0,63640.0,59540.0
2011,Iraq,24380.0,24380.0,46371.0,63640.0
2012,Iraq,51909.41,24380.0,24380.0,46371.0
2013,Iraq,67167.75,51909.41,24380.0,24380.0
2008,Ireland,46367.0,60392.0,74292.0,85279.0
2009,Ireland,67242.0,46367.0,60392.0,74292.0
2010,Ireland,65949.0,67242.0,46367.0,60392.0
2011,Ireland,62846.0,65949.0,67242.0,46367.0
2012,Ireland,84768.0,62846.0,65949.0,67242.0
2013,Ireland,81555.0,84768.0,62846.0,65949.0
2008,Israel,10100.0,11300.0,12200.0,11800.0
2009,Israel,6200.0,10100.0,11300.0,12200.0
2010,Israel,6200.0,6200.0,10100.0,11300.0
2011,Israel,5200.0,6200.0,6200.0,10100.0
2012,Israel,8700.0,5200.0,6200.0,6200.0
2013,Israel,7700.0,8700.0,5200.0,6200.0
2008,Italy,199180.0,280368.0,270991.0,285251.0
2009,Italy,171478.0,199180.0,280368.0,270991.0
2010,Italy,180254.0,171478.0,199180.0,280368.0
2011,Italy,199421.0,180254.0,171478.0,199180.0
2012,Italy,167000.0,199421.0,180254.0,171478.0
2013,Italy,171260.0,167000.0,199421.0,180254.0
2008,Jamaica,103.0,23.0,1827.0,4655.0
2009,Jamaica,2245.0,103.0,23.0,1827.0
2010,Jamaica,2300.0,2245.0,103.0,23.0
2011,Jamaica,3509.0,2300.0,2245.0,103.0
2012,Jamaica,3722.0,3509.0,2300.0,2245.0
2013,Jamaica,3008.51,3722.0,3509.0,2300.0
2008,Japan,338100.0,503700.0,468000.0,463400.0
2009,Japan,309900.0,338100.0,503700.0,468000.0
2010,Japan,398100.0,309900.0,338100.0,503700.0
2011,Japan,377700.0,398100.0,309900.0,338100.0
2012,Japan,353400.0,377700.0,398100.0,309900.0
2013,Japan,350000.0,353400.0,377700.0,398100.0
2008,Jordan,5000.0,4000.0,3500.0,3500.0
2009,Jordan,6000.0,5000.0,4000.0,3500.0
2010,Jordan,6000.0,6000.0,5000.0,4000.0
2011,Jordan,6000.0,6000.0,6000.0,5000.0
2012,Jordan,6000.0,6000.0,6000.0,6000.0
2013,Jordan,2152.0,6000.0,6000.0,6000.0
2008,Kazakhstan,14400.0,20500.0,13400.0,16900.0
2009,Kazakhstan,26100.0,14400.0,20500.0,13400.0
2010,Kazakhstan,14786.0,26100.0,14400.0,20500.0
2011,Kazakhstan,35530.0,14786.0,26100.0,14400.0
2012,Kazakhstan,20784.0,35530.0,14786.0,26100.0
2013,Kazakhstan,25626.0,20784.0,35530.0,14786.0
2008,Kenya,97673.0,99143.0,85245.0,93143.0
2009,Kenya,94283.33,97673.0,99143.0,85245.0
2010,Kenya,80340.68,94283.33,97673.0,99143.0
2011,Kenya,105526.55,80340.68,94283.33,97673.0
2012,Kenya,130712.42,105526.55,80340.68,94283.33
2013,Kenya,155898.29,130712.42,105526.55,80340.68
2008,Kuwait,1260.84,1980.91,999.09,0.0
2009,Kuwait,0.0,1260.84,1980.91,999.09
2010,Kuwait,860.74,0.0,1260.84,1980.91
2011,Kuwait,604.74,860.74,0.0,1260.84
2012,Kuwait,672.91,604.74,860.74,0.0
2013,Kuwait,741.09,672.91,604.74,860.74
2008,Kyrgyzstan,1747.0,2601.0,1652.0,2034.0
2009,Kyrgyzstan,1266.0,1747.0,2601.0,1652.0
2010,Kyrgyzstan,3204.0,1266.0,1747.0,2601.0
2011,Kyrgyzstan,1964.0,3204.0,1266.0,1747.0
2012,Kyrgyzstan,4093.0,1964.0,3204.0,1266.0
2013,Kyrgyzstan,5923.0,4093.0,1964.0,3204.0
2008,Latvia,13955.0,15983.0,14500.0,14700.0
2009,Latvia,11122.0,13955.0,15983.0,14500.0
2010,Latvia,16150.0,11122.0,13955.0,15983.0
2011,Latvia,16898.0,16150.0,11122.0,13955.0
2012,Latvia,19807.0,16898.0,16150.0,11122.0
2013,Latvia,24438.0,19807.0,16898.0,16150.0
2008,Lebanon,2427.58,0.0,0.0,0.0
2009,Lebanon,0.0,2427.58,0.0,0.0
2010,Lebanon,0.0,0.0,2427.58,0.0
2011,Lebanon,15563.03,0.0,0.0,2427.58
2012,Lebanon,7730.4,15563.03,0.0,0.0
2013,Lebanon,0.0,7730.4,15563.03,0.0
2008,Libya,16389.42,18643.77,22513.39,19734.15
2009,Libya,24580.91,16389.42,18643.77,22513.39
2010,Libya,32689.0,24580.91,16389.42,18643.77
2011,Libya,49000.0,32689.0,24580.91,16389.42
2012,Libya,49300.0,49000.0,32689.0,24580.91
2013,Libya,30282.86,49300.0,49000.0,32689.0
2008,Lithuania,22000.0,39000.0,39000.0,32000.0
2009,Lithuania,33000.0,22000.0,39000.0,39000.0
2010,Lithuania,35000.0,33000.0,22000.0,39000.0
2011,Lithuania,36000.0,35000.0,33000.0,22000.0
2012,Lithuania,39000.0,36000.0,35000.0,33000.0
2013,Lithuania,41604.0,39000.0,36000.0,35000.0
2008,Luxembourg,1083.0,1696.0,1708.0,2171.0
2009,Luxembourg,990.0,1083.0,1696.0,1708.0
2010,Luxembourg,1180.0,990.0,1083.0,1696.0
2011,Luxembourg,1182.0,1180.0,990.0,1083.0
2012,Luxembourg,1183.0,1182.0,1180.0,990.0
2013,Luxembourg,1179.0,1183.0,1182.0,1180.0
2008,Madagascar,2370.7,2549.34,2068.17,4567.59
2009,Madagascar,1636.72,2370.7,2549.34,2068.17
2010,Madagascar,2040.1,1636.72,2370.7,2549.34
2011,Madagascar,1685.57,2040.1,1636.72,2370.7
2012,Madagascar,2260.43,1685.57,2040.1,1636.72
2013,Madagascar,2226.71,2260.43,1685.57,2040.1
2008,Malawi,12489.0,25369.0,24016.0,19676.0
2009,Malawi,20614.0,12489.0,25369.0,24016.0
2010,Malawi,17680.0,20614.0,12489.0,25369.0
2011,Malawi,13969.0,17680.0,20614.0,12489.0
2012,Malawi,20497.48,13969.0,17680.0,20614.0
2013,Malawi,25542.56,20497.48,13969.0,17680.0
2008,Malaysia,177000.0,256000.0,231300.0,200400.0
2009,Malaysia,230000.0,177000.0,256000.0,231300.0
2010,Malaysia,209130.14,230000.0,177000.0,256000.0
2011,Malaysia,157074.78,209130.14,230000.0,177000.0
2012,Malaysia,165446.9,157074.78,209130.14,230000.0
2013,Malaysia,192955.11,165446.9,157074.78,209130.14
2008,Maldives,3.0,6.0,118.0,25.0
2009,Maldives,125.0,3.0,6.0,118.0
2010,Maldives,120.0,125.0,3.0,6.0
2011,Maldives,42.0,120.0,125.0,3.0
2012,Maldives,110.59,42.0,120.0,125.0
2013,Maldives,249.8,110.59,42.0,120.0
2008,Mali,6982.29,15482.33,19199.86,16568.42
2009,Mali,17917.56,6982.29,15482.33,19199.86
2010,Mali,28852.82,17917.56,6982.29,15482.33
2011,Mali,6102.72,28852.82,17917.56,6982.29
2012,Mali,0.0,6102.72,28852.82,17917.56
2013,Mali,12483.01,0.0,6102.72,28852.82
2008,Malta,121.0,137.0,118.0,129.0
2009,Malta,6.0,121.0,137.0,118.0
2010,Malta,71.0,6.0,121.0,137.0
2011,Malta,131.0,71.0,6.0,121.0
2012,Malta,63.44,131.0,71.0,6.0
2013,Malta,70.81,63.44,131.0,71.0
2008,Mauritius,5965.0,2275.0,3392.0,5829.0
2009,Mauritius,2751.0,5965.0,2275.0,3392.0
2010,Mauritius,2316.0,2751.0,5965.0,2275.0
2011,Mauritius,2307.0,2316.0,2751.0,5965.0
2012,Mauritius,3509.44,2307.0,2316.0,2751.0
2013,Mauritius,3287.14,3509.44,2307.0,2316.0
2008,Mexico,180000.0,283000.0,360944.0,380700.0
2009,Mexico,276800.0,180000.0,283000.0,360944.0
2010,Mexico,303500.0,276800.0,180000.0,283000.0
2011,Mexico,281000.0,303500.0,276800.0,180000.0
2012,Mexico,300000.0,281000.0,303500.0,276800.0
2013,Mexico,332200.0,300000.0,281000.0,303500.0
2008,Mongolia,18.0,,1.0,
2009,Mongolia,15.0,18.0,,1.0
2010,Mongolia,31.0,15.0,18.0,
2011,Mongolia,19.0,31.0,15.0,18.0
2012,Mongolia,0.01,19.0,31.0,15.0
2013,Mongolia,8.42,0.01,19.0,31.0
2008,Montenegro,658.0,683.0,789.0,
2009,Montenegro,469.0,658.0,683.0,789.0
2010,Montenegro,587.0,469.0,658.0,683.0
2011,Montenegro,501.0,587.0,469.0,658.0
2012,Montenegro,472.56,501.0,587.0,469.0
2013,Montenegro,591.23,472.56,501.0,587.0
2008,Morocco,97002.0,112850.0,101700.0,114410.0
2009,Morocco,109625.0,97002.0,112850.0,101700.0
2010,Morocco,200498.0,109625.0,97002.0,112850.0
2011,Morocco,208427.0,200498.0,109625.0,97002.0
2012,Morocco,249258.0,208427.0,200498.0,109625.0
2013,Morocco,233970.0,249258.0,208427.0,200498.0
2008,Mozambique,10363.0,1079.0,2835.0,439.0
2009,Mozambique,4678.0,10363.0,1079.0,2835.0
2010,Mozambique,2587.0,4678.0,10363.0,1079.0
2011,Mozambique,7465.0,2587.0,4678.0,10363.0
2012,Mozambique,3631.43,7465.0,2587.0,4678.0
2013,Mozambique,2613.58,3631.43,7465.0,2587.0
2008,Myanmar,13374.0,68962.0,17977.0,8051.0
2009,Myanmar,4859.0,13374.0,68962.0,17977.0
2010,Myanmar,10476.0,4859.0,13374.0,68962.0
2011,Myanmar,32683.0,10476.0,4859.0,13374.0
2012,Myanmar,21095.15,32683.0,10476.0,4859.0
2013,Myanmar,13087.97,21095.15,32683.0,10476.0
2008,Namibia,19.0,292.0,216.0,302.0
2009,Namibia,2.0,19.0,292.0,216.0
2010,Namibia,390.0,2.0,19.0,292.0
2011,Namibia,263.0,390.0,2.0,19.0
2012,Namibia,966.03,263.0,390.0,2.0
2013,Namibia,662.71,966.03,263.0,390.0
2012,Nauru,0.0,,,
2013,Nauru,0.0,0.0,,
2008,Nepal,240.0,1342.0,3970.0,4994.0
2009,Nepal,11597.0,240.0,1342.0,3970.0
2010,Nepal,10130.0,11597.0,240.0,1342.0
2011,Nepal,21439.0,10130.0,11597.0,240.0
2012,Nepal,9246.0,21439.0,10130.0,11597.0
2013,Nepal,34379.0,9246.0,21439.0,10130.0
2008,Netherlands,26678.0,36058.0,48314.0,48623.0
2009,Netherlands,9909.0,26678.0,36058.0,48314.0
2010,Netherlands,30728.0,9909.0,26678.0,36058.0
2011,Netherlands,14945.0,30728.0,9909.0,26678.0
2012,Netherlands,23000.0,14945.0,30728.0,9909.0
2013,Netherlands,9107.0,23000.0,14945.0,30728.0
2008,New Caledonia,381.0,506.0,431.0,547.0
2009,New Caledonia,149.0,381.0,506.0,431.0
2010,New Caledonia,227.0,149.0,381.0,506.0
2011,New Caledonia,315.0,227.0,149.0,381.0
2012,New Caledonia,349.71,315.0,227.0,149.0
2013,New Caledonia,369.0,349.71,315.0,227.0
2008,New Zealand,329000.0,375000.0,383000.0,445000.0
2009,New Zealand,227000.0,329000.0,375000.0,383000.0
2010,New Zealand,262000.0,227000.0,329000.0,375000.0
2011,New Zealand,291000.0,262000.0,227000.0,329000.0
2012,New Zealand,289000.0,291000.0,262000.0,227000.0
2013,New Zealand,271000.0,289000.0,291000.0,262000.0
2008,Nicaragua,10421.0,13704.0,6519.0,10907.0
2009,Nicaragua,6276.0,10421.0,13704.0,6519.0
2010,Nicaragua,3407.0,6276.0,10421.0,13704.0
2011,Nicaragua,14500.0,3407.0,6276.0,10421.0
2012,Nicaragua,9792.0,14500.0,3407.0,6276.0
2013,Nicaragua,12085.0,9792.0,14500.0,3407.0
2008,Niger,383.0,2200.0,2117.0,1628.0
2009,Niger,982.0,383.0,2200.0,2117.0
2010,Niger,1969.0,982.0,383.0,2200.0
2011,Niger,1886.0,1969.0,982.0,383.0
2012,Niger,27.01,1886.0,1969.0,982.0
2013,Niger,2318.3,27.01,1886.0,1969.0
2008,Nigeria,45547.0,39922.0,80687.0,20698.0
2009,Nigeria,35318.0,45547.0,39922.0,80687.0
2010,Nigeria,71843.0,35318.0,45547.0,39922.0
2011,Nigeria,41686.0,71843.0,35318.0,45547.0
2012,Nigeria,57371.36,41686.0,71843.0,35318.0
2013,Nigeria,18275.87,57371.36,41686.0,71843.0
2008,North Macedonia,4294.0,5382.0,4453.0,5412.0
2009,North Macedonia,3382.0,4294.0,5382.0,4453.0
2010,North Macedonia,4509.0,3382.0,4294.0,5382.0
2011,North Macedonia,4474.0,4509.0,3382.0,4294.0
2012,North Macedonia,3660.04,4474.0,4509.0,3382.0
2013,North Macedonia,5468.75,3660.04,4474.0,4509.0
2008,Norway,23738.0,27716.0,28338.0,28640.0
2009,Norway,18770.0,23738.0,27716.0,28338.0
2010,Norway,18064.0,18770.0,23738.0,27716.0
2011,Norway,20103.0,18064.0,18770.0,23738.0
2012,Norway,19117.0,20103.0,18064.0,18770.0
2013,Norway,19378.0,19117.0,20103.0,18064.0
2008,Oman,1808.8,1236.07,1476.81,1413.47
2009,Oman,1664.04,1808.8,1236.07,1476.81
2010,Oman,1944.92,1664.04,1808.8,1236.07
2011,Oman,1436.55,1944.92,1664.04,1808.8
2012,Oman,1523.28,1436.55,1944.92,1664.04
2013,Oman,1585.61,1523.28,1436.55,1944.92
2008,Pakistan,565675.0,816044.0,906749.0,871416.0
2009,Pakistan,778714.0,565675.0,816044.0,906749.0
2010,Pakistan,756700.0,778714.0,565675.0,816044.0
2011,Pakistan,653181.0,756700.0,778714.0,565675.0
2012,Pakistan,678840.0,653181.0,756700.0,778714.0
2013,Pakistan,875452.0,678840.0,653181.0,756700.0
2008,Panama,1748.0,1832.0,1405.0,1637.0
2009,Panama,3752.0,1748.0,1832.0,1405.0
2010,Panama,5948.0,3752.0,1748.0,1832.0
2011,Panama,4407.0,5948.0,3752.0,1748.0
2012,Panama,11156.9,4407.0,5948.0,3752.0
2013,Panama,13513.34,11156.9,4407.0,5948.0
2008,Papua New Guinea,2656.0,3425.0,2099.0,1622.0
2009,Papua New Guinea,1022.0,2656.0,3425.0,2099.0
2010,Papua New Guinea,2818.0,1022.0,2656.0,3425.0
2011,Papua New Guinea,2348.0,2818.0,1022.0,2656.0
2012,Papua New Guinea,1413.3,2348.0,2818.0,1022.0
2013,Papua New Guinea,339.2,1413.3,2348.0,2818.0
2008,Paraguay,115996.0,140020.0,115903.0,103885.0
2009,Paraguay,116076.0,115996.0,140020.0,115903.0
2010,Paraguay,140805.0,116076.0,115996.0,140020.0
2011,Paraguay,178224.0,140805.0,116076.0,115996.0
2012,Paraguay,152818.88,178224.0,140805.0,116076.0
2013,Paraguay,179225.95,152818.88,178224.0,140805.0
2008,Peru,44884.0,65591.0,85912.0,65404.0
2009,Peru,99643.0,44884.0,65591.0,85912.0
2010,Peru,86006.0,99643.0,44884.0,65591.0
2011,Peru,93563.0,86006.0,99643.0,44884.0
2012,Peru,75472.8,93563.0,86006.0,99643.0
2013,Peru,72928.46,75472.8,93563.0,86006.0
2008,Philippines,79239.0,205168.0,148819.0,137311.0
2009,Philippines,65149.0,79239.0,205168.0,148819.0
2010,Philippines,92446.0,65149.0,79239.0,205168.0
2011,Philippines,150962.0,92446.0,65149.0,79239.0
2012,Philippines,80400.0,150962.0,92446.0,65149.0
2013,Philippines,201419.31,80400.0,150962.0,92446.0
2008,Poland,375300.0,462300.0,411900.0,441800.0
2009,Poland,351700.0,375300.0,462300.0,411900.0
2010,Poland,408400.0,351700.0,375300.0,462300.0
2011,Poland,370800.0,408400.0,351700.0,375300.0
2012,Poland,374100.0,370800.0,408400.0,351700.0
2013,Poland,341100.0,374100.0,370800.0,408400.0
2008,Portugal,41135.0,68049.0,51149.0,49000.0
2009,Portugal,26427.0,41135.0,68049.0,51149.0
2010,Portugal,41432.0,26427.0,41135.0,68049.0
2011,Portugal,29563.0,41432.0,26427.0,41135.0
2012,Portugal,33157.0,29563.0,41432.0,26427.0
2013,Portugal,39597.0,33157.0,29563.0,41432.0
2012,Qatar,0.0,,,
2013,Qatar,900.0,0.0,,
2008,Republic of Korea,90000.0,129200.0,102300.0,162000.0
2009,Republic of Korea,141501.65,90000.0,129200.0,102300.0
2010,Republic of Korea,138431.6,141501.65,90000.0,129200.0
2011,Republic of Korea,135654.7,138431.6,141501.65,90000.0
2012,Republic of Korea,146005.85,135654.7,138431.6,141501.65
2013,Republic of Korea,142751.25,146005.85,135654.7,138431.6
2008,Republic of Moldova,1700.0,1987.0,1870.0,1300.0
2009,Republic of Moldova,1641.0,1700.0,1987.0,1870.0
2010,Republic of Moldova,2379.0,1641.0,1700.0,1987.0
2011,Republic of Moldova,2942.0,2379.0,1641.0,1700.0
2012,Republic of Moldova,5600.0,2942.0,2379.0,1641.0
2013,Republic of Moldova,8300.0,5600.0,2942.0,2379.0
2008,Romania,102418.0,103324.0,93846.0,138137.0
2009,Romania,100546.0,102418.0,103324.0,93846.0
2010,Romania,123331.0,100546.0,102418.0,103324.0
2011,Romania,126249.0,123331.0,100546.0,102418.0
2012,Romania,113035.0,126249.0,123331.0,100546.0
2013,Romania,113823.0,113035.0,126249.0,123331.0
2008,Russian Federation,430850.0,408890.0,368260.0,346840.0
2009,Russian Federation,393790.0,430850.0,408890.0,368260.0
2010,Russian Federation,436980.0,393790.0,430850.0,408890.0
2011,Russian Federation,426760.0,436980.0,393790.0,430850.0
2012,Russian Federation,421940.0,426760.0,436980.0,393790.0
2013,Russian Federation,437950.0,421940.0,426760.0,436980.0
2008,Rwanda,4317.0,4247.0,1528.0,1087.0
2009,Rwanda,455.0,4317.0,4247.0,1528.0
2011,Rwanda,31.0,,455.0,4317.0
2012,Rwanda,2858.42,31.0,,455.0
2013,Rwanda,4281.28,2858.42,31.0,
2008,Saint Kitts and Nevis,24.0,14.0,24.0,14.0
2009,Saint Kitts and Nevis,14.0,24.0,14.0,24.0
2010,Saint Kitts and Nevis,14.0,14.0,24.0,14.0
2011,Saint Kitts and Nevis,14.0,14.0,14.0,24.0
2012,Saint Kitts and Nevis,14.0,14.0,14.0,14.0
2013,Saint Kitts and Nevis,0.01,14.0,14.0,14.0
2008,Saint Lucia,2.0,35.8,138.19,177.2
2009,Saint Lucia,86.0,2.0,35.8,138.19
2010,Saint Lucia,53.0,86.0,2.0,35.8
2011,Saint Lucia,53.0,53.0,86.0,2.0
2012,Saint Lucia,233.11,53.0,53.0,86.0
2013,Saint Lucia,71.75,233.11,53.0,53.0
2008,Samoa,16.0,11.0,8.0,13.0
2009,Samoa,13.0,16.0,11.0,8.0
2010,Samoa,5.0,13.0,16.0,11.0
2011,Samoa,5.0,5.0,13.0,16.0
2012,Samoa,1.95,5.0,5.0,13.0
2013,Samoa,7.64,1.95,5.0,5.0
2008,Saudi Arabia,74000.0,136000.0,137000.0,120000.0
2009,Saudi Arabia,70000.0,74000.0,136000.0,137000.0
2010,Saudi Arabia,83000.0,70000.0,74000.0,136000.0
2011,Saudi Arabia,88000.0,83000.0,70000.0,74000.0
2012,Saudi Arabia,93000.0,88000.0,83000.0,70000.0
2013,Saudi Arabia,90900.0,93000.0,88000.0,83000.0
2008,Senegal,4119.0,3392.0,3300.0,11643.0
2009,Senegal,3766.0,4119.0,3392.0,3300.0
2010,Senegal,2722.0,3766.0,4119.0,3392.0
2011,Senegal,545.0,2722.0,3766.0,4119.0
2012,Senegal,8560.0,545.0,2722.0,3766.0
2013,Senegal,10680.0,8560.0,545.0,2722.0
2008,Serbia,66632.42,95989.13,68234.84,
2009,Serbia,89546.45,66632.42,95989.13,68234.84
2010,Serbia,73313.26,89546.45,66632.42,95989.13
2011,Serbia,94076.4,73313.26,89546.45,66632.42
2012,Serbia,116948.78,94076.4,73313.26,89546.45
2013,Serbia,94673.21,116948.78,94076.4,73313.26
2008,Seychelles,9.0,,,10.0
2009,Seychelles,11.0,9.0,,
2010,Seychelles,5.0,11.0,9.0,
2011,Seychelles,5.0,5.0,11.0,9.0
2012,Seychelles,19.65,5.0,5.0,11.0
2013,Seychelles,11.61,19.65,5.0,5.0
2008,Slovakia,14732.0,18396.0,20055.0,16850.0
2009,Slovakia,13153.0,14732.0,18396.0,20055.0
2010,Slovakia,15136.0,13153.0,14732.0,18396.0
2011,Slovakia,19167.0,15136.0,13153.0,14732.0
2012,Slovakia,20519.0,19167.0,15136.0,13153.0
2013,Slovakia,20519.0,20519.0,19167.0,15136.0
2008,Slovenia,11887.0,12664.0,12987.0,13152.0
2009,Slovenia,7354.0,11887.0,12664.0,12987.0
2010,Slovenia,9801.0,7354.0,11887.0,12664.0
2011,Slovenia,9111.0,9801.0,7354.0,11887.0
2012,Slovenia,8891.0,9111.0,9801.0,7354.0
2013,Slovenia,8900.0,8891.0,9111.0,9801.0
2008,South Africa,185021.0,192510.0,203780.0,159486.0
2009,South Africa,181000.0,185021.0,192510.0,203780.0
2010,South Africa,172000.0,181000.0,185021.0,192510.0
2011,South Africa,186000.0,172000.0,181000.0,185021.0
2012,South Africa,190000.0,186000.0,172000.0,181000.0
2013,South Africa,268000.0,190000.0,186000.0,172000.0
2008,Spain,271578.0,554382.0,452461.0,513454.0
2009,Spain,264211.0,271578.0,554382.0,452461.0
2010,Spain,336700.0,264211.0,271578.0,554382.0
2011,Spain,362700.0,336700.0,264211.0,271578.0
2012,Spain,376590.0,362700.0,336700.0,264211.0
2013,Spain,432904.0,376590.0,362700.0,336700.0
2008,Sri Lanka,69049.0,49293.0,50912.0,36890.0
2009,Sri Lanka,52519.0,69049.0,49293.0,50912.0
2010,Sri Lanka,50679.0,52519.0,69049.0,49293.0
2011,Sri Lanka,62423.0,50679.0,52519.0,69049.0
2012,Sri Lanka,62629.05,62423.0,50679.0,52519.0
2013,Sri Lanka,43877.42,62629.05,62423.0,50679.0
2012,Sudan,35571.18,,,
2013,Sudan,2862.87,35571.18,,
2008,Sudan (former),11650.0,2910.0,2910.0,10300.0
2009,Sudan (former),69150.0,11650.0,2910.0,2910.0
2010,Sudan (former),69150.0,69150.0,11650.0,2910.0
2011,Sudan (former),69150.0,69150.0,69150.0,11650.0
2008,Suriname,5660.0,721.0,570.0,278.0
2009,Suriname,837.0,5660.0,721.0,570.0
2010,Suriname,922.0,837.0,5660.0,721.0
2011,Suriname,1380.0,922.0,837.0,5660.0
2012,Suriname,1789.77,1380.0,922.0,837.0
2013,Suriname,2060.54,1789.77,1380.0,922.0
2008,Sweden,33500.0,31400.0,31700.0,35300.0
2009,Sweden,8100.0,33500.0,31400.0,31700.0
2010,Sweden,22387.0,8100.0,33500.0,31400.0
2011,Sweden,24296.0,22387.0,8100.0,33500.0
2012,Sweden,23741.0,24296.0,22387.0,8100.0
2013,Sweden,27072.0,23741.0,24296.0,22387.0
2008,Switzerland,15674.0,16862.0,16953.0,15828.0
2009,Switzerland,11687.0,15674.0,16862.0,16953.0
2010,Switzerland,16011.0,11687.0,15674.0,16862.0
2011,Switzerland,16353.0,16011.0,11687.0,15674.0
2012,Switzerland,12490.22,16353.0,16011.0,11687.0
2013,Switzerland,14956.84,12490.22,16353.0,16011.0
2008,Syrian Arab Republic,131201.0,109023.0,109639.0,121897.0
2009,Syrian Arab Republic,86428.0,131201.0,109023.0,109639.0
2010,Syrian Arab Republic,35050.0,86428.0,131201.0,109023.0
2011,Syrian Arab Republic,95021.0,35050.0,86428.0,131201.0
2012,Syrian Arab Republic,28992.0,95021.0,35050.0,86428.0
2013,Syrian Arab Republic,37544.25,28992.0,95021.0,35050.0
2008,Tajikistan,177.22,988.76,10891.03,10680.29
2009,Tajikistan,1557.31,177.22,988.76,10891.03
2010,Tajikistan,1021.25,1557.31,177.22,988.76
2011,Tajikistan,485.2,1021.25,1557.31,177.22
2012,Tajikistan,405.6,485.2,1021.25,1557.31
2013,Tajikistan,2412.21,405.6,485.2,1021.25
2008,Thailand,349568.05,451977.68,400286.2,314587.1
2009,Thailand,244686.5,349568.05,451977.68,400286.2
2010,Thailand,435003.15,244686.5,349568.05,451977.68
2011,Thailand,422320.46,435003.15,244686.5,349568.05
2012,Thailand,466774.86,422320.46,435003.15,244686.5
2013,Thailand,568399.54,466774.86,422320.46,435003.15
2008,Togo,0.0,0.0,0.0,24.64
2009,Togo,1439.64,0.0,0.0,0.0
2010,Togo,5191.68,1439.64,0.0,0.0
2011,Togo,2428.5,5191.68,1439.64,0.0
2012,Togo,5459.76,2428.5,5191.68,1439.64
2013,Togo,8574.07,5459.76,2428.5,5191.68
2008,Tonga,29.62,0.0,0.0,0.0
2009,Tonga,33.95,29.62,0.0,0.0
2010,Tonga,83.75,33.95,29.62,0.0
2011,Tonga,57.48,83.75,33.95,29.62
2012,Tonga,49.09,57.48,83.75,33.95
2013,Tonga,39.95,49.09,57.48,83.75
2008,Trinidad and Tobago,100.0,300.0,300.0,300.0
2009,Trinidad and Tobago,200.0,100.0,300.0,300.0
2010,Trinidad and Tobago,100.0,200.0,100.0,300.0
2011,Trinidad and Tobago,200.0,100.0,200.0,100.0
2012,Trinidad and Tobago,300.0,200.0,100.0,200.0
2013,Trinidad and Tobago,400.0,300.0,200.0,100.0
2008,Tunisia,37000.0,46000.0,45000.0,45500.0
2009,Tunisia,48000.0,37000.0,46000.0,45000.0
2010,Tunisia,49000.0,48000.0,37000.0,46000.0
2011,Tunisia,50000.0,49000.0,48000.0,37000.0
2012,Tunisia,51000.0,50000.0,49000.0,48000.0
2013,Tunisia,52500.0,51000.0,50000.0,49000.0
2008,Türkiye,328791.0,517749.0,605316.0,601606.0
2009,Türkiye,633258.0,328791.0,517749.0,605316.0
2010,Türkiye,605668.0,633258.0,328791.0,517749.0
2011,Türkiye,489990.0,605668.0,633258.0,328791.0
2012,Türkiye,531980.0,489990.0,605668.0,633258.0
2013,Türkiye,622557.0,531980.0,489990.0,605668.0
2008,Turkmenistan,0.02,5205.31,1.32,0.59
2009,Turkmenistan,7.15,0.02,5205.31,1.32
2010,Turkmenistan,29.64,7.15,0.02,5205.31
2011,Turkmenistan,8.75,29.64,7.15,0.02
2012,Turkmenistan,1.85,8.75,29.64,7.15
2013,Turkmenistan,4.84,1.85,8.75,29.64
2008,Uganda,5493.0,2171.0,2172.0,2018.0
2009,Uganda,4152.0,5493.0,2171.0,2172.0
2010,Uganda,2811.0,4152.0,5493.0,2171.0
2011,Uganda,2587.0,2811.0,4152.0,5493.0
2012,Uganda,3536.21,2587.0,2811.0,4152.0
2013,Uganda,4105.48,3536.21,2587.0,2811.0
2008,Ukraine,173490.0,168810.0,128850.0,101620.0
2009,Ukraine,133630.0,173490.0,168810.0,128850.0
2010,Ukraine,157420.0,133630.0,173490.0,168810.0
2011,Ukraine,195180.0,157420.0,133630.0,173490.0
2012,Ukraine,221450.0,195180.0,157420.0,133630.0
2013,Ukraine,237050.0,221450.0,195180.0,157420.0
2008,United Arab Emirates,3760.0,3760.0,3910.0,6170.0
2009,United Arab Emirates,3760.0,3760.0,3760.0,3910.0
2010,United Arab Emirates,3760.0,3760.0,3760.0,3760.0
2011,United Arab Emirates,3760.0,3760.0,3760.0,3760.0
2012,United Arab Emirates,3760.0,3760.0,3760.0,3760.0
2013,United Arab Emirates,4220.0,3760.0,3760.0,3760.0
2008,United Kingdom of Great Britain and Northern Ireland,215000.0,224000.0,235000.0,259000.0
2009,United Kingdom of Great Britain and Northern Ireland,129000.0,215000.0,224000.0,235000.0
2010,United Kingdom of Great Britain and Northern Ireland,184000.0,129000.0,215000.0,224000.0
2011,United Kingdom of Great Britain and Northern Ireland,192000.0,184000.0,129000.0,215000.0
2012,United Kingdom of Great Britain and Northern Ireland,188000.0,192000.0,184000.0,129000.0
2013,United Kingdom of Great Britain and Northern Ireland,194000.0,188000.0,192000.0,184000.0
2008,United Republic of Tanzania,9264.0,8992.0,11552.0,16825.0
2009,United Republic of Tanzania,14951.0,9264.0,8992.0,11552.0
2010,United Republic of Tanzania,27349.0,14951.0,9264.0,8992.0
2011,United Republic of Tanzania,28943.0,27349.0,14951.0,9264.0
2012,United Republic of Tanzania,40172.0,28943.0,27349.0,14951.0
2013,United Republic of Tanzania,27803.16,40172.0,28943.0,27349.0
2008,United States of America,2846292.0,3852722.7,4147376.29,4062917.4
2009,United States of America,3775158.41,2846292.0,3852722.7,4147376.29
2010,United States of America,3896449.01,3775158.41,2846292.0,3852722.7
2011,United States of America,3945618.42,3896449.01,3775158.41,2846292.0
2012,United States of America,4261953.72,3945618.42,3896449.01,3775158.41
2013,United States of America,4258869.29,4261953.72,3945618.42,3896449.01
2008,Uruguay,93193.0,113355.0,109111.0,119216.0
2009,Uruguay,97996.0,93193.0,113355.0,109111.0
2010,Uruguay,112920.0,97996.0,93193.0,113355.0
2011,Uruguay,155390.0,112920.0,97996.0,93193.0
2012,Uruguay,153072.73,155390.0,112920.0,97996.0
2013,Uruguay,254174.24,153072.73,155390.0,112920.0
2008,Uzbekistan,146289.0,145206.0,145000.0,105000.0
2009,Uzbekistan,186879.0,146289.0,145206.0,145000.0
2010,Uzbekistan,185657.0,186879.0,146289.0,145206.0
2011,Uzbekistan,184435.0,185657.0,186879.0,146289.0
2012,Uzbekistan,185690.0,184435.0,185657.0,186879.0
2013,Uzbekistan,198579.0,185690.0,184435.0,185657.0
2008,Venezuela (Bolivarian Republic of),82350.0,78260.0,55000.0,58000.0
2009,Venezuela (Bolivarian Republic of),61280.0,82350.0,78260.0,55000.0
2010,Venezuela (Bolivarian Republic of),73120.0,61280.0,82350.0,78260.0
2011,Venezuela (Bolivarian Republic of),90170.16,73120.0,61280.0,82350.0
2012,Venezuela (Bolivarian Republic of),122052.62,90170.16,73120.0,61280.0
2013,Venezuela (Bolivarian Republic of),124781.29,122052.62,90170.16,73120.0
2008,Viet Nam,738604.64,915053.6,842089.32,753372.73
2009,Viet Nam,934933.63,738604.64,915053.6,842089.32
2010,Viet Nam,741022.62,934933.63,738604.64,915053.6
2011,Viet Nam,693953.88,741022.62,934933.63,738604.64
2012,Viet Nam,690157.31,693953.88,741022.62,934933.63
2013,Viet Nam,853070.69,690157.31,693953.88,741022.62
2012,Yemen,3692.65,,,
2013,Yemen,8488.24,3692.65,,
2008,Zambia,8889.0,11587.0,8553.0,4790.0
2009,Zambia,6226.0,8889.0,11587.0,8553.0
2010,Zambia,8425.0,6226.0,8889.0,11587.0
2011,Zambia,26815.0,8425.0,6226.0,8889.0
2012,Zambia,25468.93,26815.0,8425.0,6226.0
2013,Zambia,30201.17,25468.93,26815.0,8425.0
2008,Zimbabwe,30606.0,30289.0,45301.0,20766.0
2009,Zimbabwe,40966.0,30606.0,30289.0,45301.0
2010,Zimbabwe,47792.0,40966.0,30606.0,30289.0
2011,Zimbabwe,39010.0,47792.0,40966.0,30606.0
2012,Zimbabwe,20000.0,39010.0,47792.0,40966.0
2013,Zimbabwe,35500.0,20000.0,39010.0,47792.0
