year,country,avg_temp,avg_temp_1,avg_temp_2,avg_temp_3,avg_temp_4,avg_temp_5
2008,Côte D'Ivoire,26.94,27.01,26.99,26.98,26.99,27.05
2009,Côte D'Ivoire,26.98,26.94,27.01,26.99,26.98,26.99
2010,Côte D'Ivoire,27.45,26.98,26.94,27.01,26.99,26.98
2011,Côte D'Ivoire,27.02,27.45,26.98,26.94,27.01,26.99
2012,Côte D'Ivoire,26.77,27.02,27.45,26.98,26.94,27.01
2013,Côte D'Ivoire,27.23,26.77,27.02,27.45,26.98,26.94
2008,United Arab Emirates,27.59,28.08,27.94,27.9,28.07,28.12
2009,United Arab Emirates,28.04,27.59,28.08,27.94,27.9,28.07
2010,United Arab Emirates,28.69,28.04,27.59,28.08,27.94,27.9
2011,United Arab Emirates,28.25,28.69,28.04,27.59,28.08,27.94
2012,United Arab Emirates,28.46,28.25,28.69,28.04,27.59,28.08
2013,United Arab Emirates,28.01,28.46,28.25,28.69,28.04,27.59
2008,Nigeria,26.75,27.2,27.24,27.09,26.95,26.84
2009,Nigeria,27.19,26.75,27.2,27.24,27.09,26.95
2010,Nigeria,27.35,27.19,26.75,27.2,27.24,27.09
2011,Nigeria,27.09,27.35,27.19,26.75,27.2,27.24
2012,Nigeria,26.93,27.09,27.35,27.19,26.75,27.2
2013,Nigeria,27.25,26.93,27.09,27.35,27.19,26.75
2008,Ghana,26.98,27.16,27.1,27.06,27.02,27.14
2009,Ghana,27.14,26.98,27.16,27.1,27.06,27.02
2010,Ghana,27.57,27.14,26.98,27.16,27.1,27.06
2011,Ghana,27.11,27.57,27.14,26.98,27.16,27.1
2012,Ghana,26.86,27.11,27.57,27.14,26.98,27.16
2013,Ghana,27.24,26.86,27.11,27.57,27.14,26.98
2008,Turkey,19.92,19.82,19.44,19.44,19.48,19.57
2009,Turkey,19.94,19.92,19.82,19.44,19.44,19.48
2010,Turkey,21.02,19.94,19.92,19.82,19.44,19.44
2011,Turkey,19.36,21.02,19.94,19.92,19.82,19.44
2012,Turkey,19.92,19.36,21.02,19.94,19.92,19.82
2013,Turkey,20.22,19.92,19.36,21.02,19.94,19.92
2008,Australia,16.7,17.49,16.75,16.93,16.64,16.56
2009,Australia,17.39,16.7,17.49,16.75,16.93,16.64
2010,Australia,16.72,17.39,16.7,17.49,16.75,16.93
2011,Australia,16.9,16.72,17.39,16.7,17.49,16.75
2012,Australia,16.84,16.9,16.72,17.39,16.7,17.49
2013,Australia,17.39,16.84,16.9,16.72,17.39,16.7
2008,India,25.57,26.0,26.34,25.85,26.11,25.84
2009,India,26.55,25.57,26.0,26.34,25.85,26.11
2010,India,26.51,26.55,25.57,26.0,26.34,25.85
2011,India,25.53,26.51,26.55,25.57,26.0,26.34
2012,India,25.86,25.53,26.51,26.55,25.57,26.0
2013,India,26.69,25.86,25.53,26.51,26.55,25.57
2008,United States,11.5,11.89,11.88,12.15,11.43,12.58
2009,United States,11.75,11.5,11.89,11.88,12.15,11.43
2010,United States,11.77,11.75,11.5,11.89,11.88,12.15
2011,United States,11.76,11.77,11.75,11.5,11.89,11.88
2012,United States,12.6,11.76,11.77,11.75,11.5,11.89
2013,United States,13.63,12.6,11.76,11.77,11.75,11.5
2008,Egypt,21.74,21.51,21.15,21.08,21.06,21.22
2009,Egypt,21.67,21.74,21.51,21.15,21.08,21.06
2010,Egypt,22.46,21.67,21.74,21.51,21.15,21.08
2011,Egypt,21.18,22.46,21.67,21.74,21.51,21.15
2012,Egypt,21.55,21.18,22.46,21.67,21.74,21.51
2013,Egypt,21.44,21.55,21.18,22.46,21.67,21.74
2008,Algeria,17.55,17.42,18.13,17.19,17.38,18.07
2009,Algeria,17.78,17.55,17.42,18.13,17.19,17.38
2010,Algeria,17.59,17.78,17.55,17.42,18.13,17.19
2011,Algeria,17.79,17.59,17.78,17.55,17.42,18.13
2012,Algeria,17.91,17.79,17.59,17.78,17.55,17.42
2013,Algeria,17.65,17.91,17.79,17.59,17.78,17.55
2008,Kazakhstan,7.25,7.78,7.65,7.07,7.52,6.42
2009,Kazakhstan,6.77,7.25,7.78,7.65,7.07,7.52
2010,Kazakhstan,6.96,6.77,7.25,7.78,7.65,7.07
2011,Kazakhstan,6.54,6.96,6.77,7.25,7.78,7.65
2012,Kazakhstan,6.07,6.54,6.96,6.77,7.25,7.78
2013,Kazakhstan,8.71,6.07,6.54,6.96,6.77,7.25
2008,Netherlands,10.42,11.04,10.97,10.48,10.27,10.28
2009,Netherlands,10.33,10.42,11.04,10.97,10.48,10.27
2010,Netherlands,8.84,10.33,10.42,11.04,10.97,10.48
2011,Netherlands,10.73,8.84,10.33,10.42,11.04,10.97
2012,Netherlands,10.08,10.73,8.84,10.33,10.42,11.04
2013,Netherlands,9.54,10.08,10.73,8.84,10.33,10.42
2008,China,8.82,9.19,8.52,7.75,8.91,8.62
2009,China,8.27,8.82,9.19,8.52,7.75,8.91
2010,China,7.59,8.27,8.82,9.19,8.52,7.75
2011,China,8.04,7.59,8.27,8.82,9.19,8.52
2012,China,7.54,8.04,7.59,8.27,8.82,9.19
2013,China,9.3,7.54,8.04,7.59,8.27,8.82
2008,Madagascar,19.79,20.02,20.09,20.05,19.87,19.91
2009,Madagascar,20.13,19.79,20.02,20.09,20.05,19.87
2010,Madagascar,20.31,20.13,19.79,20.02,20.09,20.05
2011,Madagascar,20.33,20.31,20.13,19.79,20.02,20.09
2012,Madagascar,19.78,20.33,20.31,20.13,19.79,20.02
2013,Madagascar,19.34,19.78,20.33,20.31,20.13,19.79
2008,Eritrea,24.79,24.7,24.7,24.85,24.79,24.98
2009,Eritrea,25.3,24.79,24.7,24.7,24.85,24.79
2010,Eritrea,25.22,25.3,24.79,24.7,24.7,24.85
2011,Eritrea,24.78,25.22,25.3,24.79,24.7,24.7
2012,Eritrea,25.16,24.78,25.22,25.3,24.79,24.7
2013,Eritrea,25.87,25.16,24.78,25.22,25.3,24.79
2008,Greece,18.61,18.67,17.78,17.91,18.07,17.95
2009,Greece,18.52,18.61,18.67,17.78,17.91,18.07
2010,Greece,19.3,18.52,18.61,18.67,17.78,17.91
2011,Greece,17.67,19.3,18.52,18.61,18.67,17.78
2012,Greece,18.82,17.67,19.3,18.52,18.61,18.67
2013,Greece,19.36,18.82,17.67,19.3,18.52,18.61
2008,Iraq,24.09,23.92,23.82,23.58,23.72,23.88
2009,Iraq,23.87,24.09,23.92,23.82,23.58,23.72
2010,Iraq,25.49,23.87,24.09,23.92,23.82,23.58
2011,Iraq,23.44,25.49,23.87,24.09,23.92,23.82
2012,Iraq,24.34,23.44,25.49,23.87,24.09,23.92
2013,Iraq,25.14,24.34,23.44,25.49,23.87,24.09
2008,Azerbaijan,12.3,12.75,12.66,12.88,12.76,11.81
2009,Azerbaijan,12.6,12.3,12.75,12.66,12.88,12.76
2010,Azerbaijan,13.85,12.6,12.3,12.75,12.66,12.88
2011,Azerbaijan,11.79,13.85,12.6,12.3,12.75,12.66
2012,Azerbaijan,13.0,11.79,13.85,12.6,12.3,12.75
2013,Azerbaijan,14.12,13.0,11.79,13.85,12.6,12.3
2008,Mali,27.62,27.94,27.62,28.13,28.07,27.99
2009,Mali,27.89,27.62,27.94,27.62,28.13,28.07
2010,Mali,28.18,27.89,27.62,27.94,27.62,28.13
2011,Mali,27.79,28.18,27.89,27.62,27.94,27.62
2012,Mali,27.39,27.79,28.18,27.89,27.62,27.94
2013,Mali,28.53,27.39,27.79,28.18,27.89,27.62
2008,Indonesia,25.32,25.5,25.66,25.59,25.67,25.68
2009,Indonesia,25.54,25.32,25.5,25.66,25.59,25.67
2010,Indonesia,25.57,25.54,25.32,25.5,25.66,25.59
2011,Indonesia,25.38,25.57,25.54,25.32,25.5,25.66
2012,Indonesia,25.59,25.38,25.57,25.54,25.32,25.5
2013,Indonesia,25.48,25.59,25.38,25.57,25.54,25.32
2008,Thailand,27.48,27.79,27.92,27.92,27.8,27.79
2009,Thailand,27.79,27.48,27.79,27.92,27.92,27.8
2010,Thailand,28.54,27.79,27.48,27.79,27.92,27.92
2011,Thailand,27.56,28.54,27.79,27.48,27.79,27.92
2012,Thailand,28.48,27.56,28.54,27.79,27.48,27.79
2013,Thailand,28.98,28.48,27.56,28.54,27.79,27.48
2008,Central African Republic,25.76,25.88,25.85,25.92,25.67,25.53
2009,Central African Republic,26.17,25.76,25.88,25.85,25.92,25.67
2010,Central African Republic,26.06,26.17,25.76,25.88,25.85,25.92
2011,Central African Republic,25.23,26.06,26.17,25.76,25.88,25.85
2012,Central African Republic,25.28,25.23,26.06,26.17,25.76,25.88
2013,Central African Republic,25.69,25.28,25.23,26.06,26.17,25.76
2008,Spain,16.92,17.24,17.81,16.69,17.12,17.73
2009,Spain,17.45,16.92,17.24,17.81,16.69,17.12
2010,Spain,16.51,17.45,16.92,17.24,17.81,16.69
2011,Spain,17.9,16.51,17.45,16.92,17.24,17.81
2012,Spain,17.51,17.9,16.51,17.45,16.92,17.24
2013,Spain,17.0,17.51,17.9,16.51,17.45,16.92
2008,Venezuela,26.77,26.9,26.83,27.02,26.55,26.91
2009,Venezuela,27.06,26.77,26.9,26.83,27.02,26.55
2010,Venezuela,27.46,27.06,26.77,26.9,26.83,27.02
2011,Venezuela,26.89,27.46,27.06,26.77,26.9,26.83
2012,Venezuela,26.89,26.89,27.46,27.06,26.77,26.9
2013,Venezuela,26.96,26.89,26.89,27.46,27.06,26.77
2008,Colombia,27.16,27.45,27.51,27.56,27.3,27.72
2009,Colombia,27.68,27.16,27.45,27.51,27.56,27.3
2010,Colombia,27.54,27.68,27.16,27.45,27.51,27.56
2011,Colombia,27.18,27.54,27.68,27.16,27.45,27.51
2012,Colombia,27.56,27.18,27.54,27.68,27.16,27.45
2013,Colombia,27.6,27.56,27.18,27.54,27.68,27.16
2008,Lebanon,20.24,20.04,19.59,19.68,19.72,19.85
2009,Lebanon,20.19,20.24,20.04,19.59,19.68,19.72
2010,Lebanon,21.26,20.19,20.24,20.04,19.59,19.68
2011,Lebanon,19.67,21.26,20.19,20.24,20.04,19.59
2012,Lebanon,20.19,19.67,21.26,20.19,20.24,20.04
2013,Lebanon,20.08,20.19,19.67,21.26,20.19,20.24
2008,United Kingdom,9.48,10.11,10.02,9.9,9.86,9.91
2009,United Kingdom,9.59,9.48,10.11,10.02,9.9,9.86
2010,United Kingdom,8.4,9.59,9.48,10.11,10.02,9.9
2011,United Kingdom,9.82,8.4,9.59,9.48,10.11,10.02
2012,United Kingdom,9.27,9.82,8.4,9.59,9.48,10.11
2013,United Kingdom,8.76,9.27,9.82,8.4,9.59,9.48
2008,Serbia,11.85,11.8,10.66,9.89,10.68,10.86
2009,Serbia,11.53,11.85,11.8,10.66,9.89,10.68
2010,Serbia,11.07,11.53,11.85,11.8,10.66,9.89
2011,Serbia,10.91,11.07,11.53,11.85,11.8,10.66
2012,Serbia,11.55,10.91,11.07,11.53,11.85,11.8
2013,Serbia,12.84,11.55,10.91,11.07,11.53,11.85
2008,Brazil,21.86,22.19,21.82,22.05,21.59,22.08
2009,Brazil,22.25,21.86,22.19,21.82,22.05,21.59
2010,Brazil,22.12,22.25,21.86,22.19,21.82,22.05
2011,Brazil,21.74,22.12,22.25,21.86,22.19,21.82
2012,Brazil,22.16,21.74,22.12,22.25,21.86,22.19
2013,Brazil,21.59,22.16,21.74,22.12,22.25,21.86
2008,Libya,20.17,19.87,19.48,19.48,19.76,19.98
2009,Libya,19.93,20.17,19.87,19.48,19.48,19.76
2010,Libya,20.51,19.93,20.17,19.87,19.48,19.48
2011,Libya,19.44,20.51,19.93,20.17,19.87,19.48
2012,Libya,20.01,19.44,20.51,19.93,20.17,19.87
2013,Libya,19.93,20.01,19.44,20.51,19.93,20.17
2008,Germany,10.66,10.88,10.55,9.92,9.82,10.07
2009,Germany,10.06,10.66,10.88,10.55,9.92,9.82
2010,Germany,8.61,10.06,10.66,10.88,10.55,9.92
2011,Germany,10.56,8.61,10.06,10.66,10.88,10.55
2012,Germany,9.96,10.56,8.61,10.06,10.66,10.88
2013,Germany,10.12,9.96,10.56,8.61,10.06,10.66
2008,Switzerland,7.98,8.43,8.19,7.49,7.67,8.48
2009,Switzerland,8.15,7.98,8.43,8.19,7.49,7.67
2010,Switzerland,7.06,8.15,7.98,8.43,8.19,7.49
2011,Switzerland,8.68,7.06,8.15,7.98,8.43,8.19
2012,Switzerland,7.96,8.68,7.06,8.15,7.98,8.43
2013,Switzerland,7.94,7.96,8.68,7.06,8.15,7.98
2008,Guinea Bissau,27.88,27.83,27.64,28.24,27.93,27.77
2009,Guinea Bissau,27.64,27.88,27.83,27.64,28.24,27.93
2010,Guinea Bissau,28.21,27.64,27.88,27.83,27.64,28.24
2011,Guinea Bissau,27.81,28.21,27.64,27.88,27.83,27.64
2012,Guinea Bissau,27.8,27.81,28.21,27.64,27.88,27.83
2013,Guinea Bissau,28.36,27.8,27.81,28.21,27.64,27.88
2008,Slovakia,11.71,11.88,10.86,10.18,10.44,10.94
2009,Slovakia,11.42,11.71,11.88,10.86,10.18,10.44
2010,Slovakia,10.34,11.42,11.71,11.88,10.86,10.18
2011,Slovakia,11.1,10.34,11.42,11.71,11.88,10.86
2012,Slovakia,11.52,11.1,10.34,11.42,11.71,11.88
2013,Slovakia,12.27,11.52,11.1,10.34,11.42,11.71
2008,Congo,24.52,24.57,24.59,24.71,24.66,24.64
2009,Congo,24.58,24.52,24.57,24.59,24.71,24.66
2010,Congo,24.9,24.58,24.52,24.57,24.59,24.71
2011,Congo,24.2,24.9,24.58,24.52,24.57,24.59
2012,Congo,24.21,24.2,24.9,24.58,24.52,24.57
2013,Congo,24.41,24.21,24.2,24.9,24.58,24.52
2008,Belgium,10.9,11.52,11.48,11.16,10.94,11.2
2009,Belgium,11.0,10.9,11.52,11.48,11.16,10.94
2010,Belgium,9.74,11.0,10.9,11.52,11.48,11.16
2011,Belgium,11.69,9.74,11.0,10.9,11.52,11.48
2012,Belgium,10.68,11.69,9.74,11.0,10.9,11.52
2013,Belgium,10.36,10.68,11.69,9.74,11.0,10.9
2008,Romania,12.5,12.99,11.63,11.25,11.63,11.23
2009,Romania,12.47,12.5,12.99,11.63,11.25,11.63
2010,Romania,11.94,12.47,12.5,12.99,11.63,11.25
2011,Romania,11.26,11.94,12.47,12.5,12.99,11.63
2012,Romania,12.33,11.26,11.94,12.47,12.5,12.99
2013,Romania,13.94,12.33,11.26,11.94,12.47,12.5
2008,Hungary,11.55,11.82,10.67,10.05,10.37,10.51
2009,Hungary,11.48,11.55,11.82,10.67,10.05,10.37
2010,Hungary,10.35,11.48,11.55,11.82,10.67,10.05
2011,Hungary,10.92,10.35,11.48,11.55,11.82,10.67
2012,Hungary,11.31,10.92,10.35,11.48,11.55,11.82
2013,Hungary,12.44,11.31,10.92,10.35,11.48,11.55
2008,Burundi,21.29,21.28,21.83,22.29,21.71,21.65
2009,Burundi,21.42,21.29,21.28,21.83,22.29,21.71
2010,Burundi,21.75,21.42,21.29,21.28,21.83,22.29
2011,Burundi,21.23,21.75,21.42,21.29,21.28,21.83
2012,Burundi,21.44,21.23,21.75,21.42,21.29,21.28
2013,Burundi,21.53,21.44,21.23,21.75,21.42,21.29
2008,Morocco,17.8,17.93,18.38,18.18,18.07,18.4
2009,Morocco,18.56,17.8,17.93,18.38,18.18,18.07
2010,Morocco,18.83,18.56,17.8,17.93,18.38,18.18
2011,Morocco,18.53,18.83,18.56,17.8,17.93,18.38
2012,Morocco,18.24,18.53,18.83,18.56,17.8,17.93
2013,Morocco,18.79,18.24,18.53,18.83,18.56,17.8
2008,Russia,4.71,4.01,2.99,3.68,4.09,3.97
2009,Russia,3.33,4.71,4.01,2.99,3.68,4.09
2010,Russia,3.13,3.33,4.71,4.01,2.99,3.68
2011,Russia,2.48,3.13,3.33,4.71,4.01,2.99
2012,Russia,3.51,2.48,3.13,3.33,4.71,4.01
2013,Russia,4.73,3.51,2.48,3.13,3.33,4.71
2008,Moldova,10.6,11.34,9.46,9.87,9.79,9.29
2009,Moldova,10.64,10.6,11.34,9.46,9.87,9.79
2010,Moldova,10.19,10.64,10.6,11.34,9.46,9.87
2011,Moldova,9.73,10.19,10.64,10.6,11.34,9.46
2012,Moldova,10.52,9.73,10.19,10.64,10.6,11.34
2013,Moldova,11.94,10.52,9.73,10.19,10.64,10.6
2008,Sri Lanka,26.42,26.57,26.56,26.73,26.64,26.79
2009,Sri Lanka,26.67,26.42,26.57,26.56,26.73,26.64
2010,Sri Lanka,26.83,26.67,26.42,26.57,26.56,26.73
2011,Sri Lanka,26.65,26.83,26.67,26.42,26.57,26.56
2012,Sri Lanka,26.88,26.65,26.83,26.67,26.42,26.57
2013,Sri Lanka,27.03,26.88,26.65,26.83,26.67,26.42
2008,Guinea,27.61,27.28,27.2,27.66,27.56,27.43
2009,Guinea,27.37,27.61,27.28,27.2,27.66,27.56
2010,Guinea,27.8,27.37,27.61,27.28,27.2,27.66
2011,Guinea,27.51,27.8,27.37,27.61,27.28,27.2
2012,Guinea,27.28,27.51,27.8,27.37,27.61,27.28
2013,Guinea,27.29,27.28,27.51,27.8,27.37,27.61
2008,Denmark,9.82,9.87,9.74,9.11,9.0,9.05
2009,Denmark,9.22,9.82,9.87,9.74,9.11,9.0
2010,Denmark,7.54,9.22,9.82,9.87,9.74,9.11
2011,Denmark,9.31,7.54,9.22,9.82,9.87,9.74
2012,Denmark,8.7,9.31,7.54,9.22,9.82,9.87
2013,Denmark,8.81,8.7,9.31,7.54,9.22,9.82
2008,Argentina,17.71,16.71,18.1,17.32,17.67,17.85
2009,Argentina,18.16,17.71,16.71,18.1,17.32,17.67
2010,Argentina,17.33,18.16,17.71,16.71,18.1,17.32
2011,Argentina,17.58,17.33,18.16,17.71,16.71,18.1
2012,Argentina,18.18,17.58,17.33,18.16,17.71,16.71
2013,Argentina,16.45,18.18,17.58,17.33,18.16,17.71
2008,Senegal,25.5,25.34,25.32,25.78,25.38,25.25
2009,Senegal,25.01,25.5,25.34,25.32,25.78,25.38
2010,Senegal,26.1,25.01,25.5,25.34,25.32,25.78
2011,Senegal,25.41,26.1,25.01,25.5,25.34,25.32
2012,Senegal,25.47,25.41,26.1,25.01,25.5,25.34
2013,Senegal,24.7,25.47,25.41,26.1,25.01,25.5
2008,Syria,19.75,19.47,19.07,19.15,19.22,19.3
2009,Syria,19.6,19.75,19.47,19.07,19.15,19.22
2010,Syria,21.07,19.6,19.75,19.47,19.07,19.15
2011,Syria,18.95,21.07,19.6,19.75,19.47,19.07
2012,Syria,19.72,18.95,21.07,19.6,19.75,19.47
2013,Syria,19.83,19.72,18.95,21.07,19.6,19.75
2008,Tanzania,26.17,26.45,26.36,26.8,26.34,26.69
2009,Tanzania,26.67,26.17,26.45,26.36,26.8,26.34
2010,Tanzania,26.7,26.67,26.17,26.45,26.36,26.8
2011,Tanzania,26.56,26.7,26.67,26.17,26.45,26.36
2012,Tanzania,26.51,26.56,26.7,26.67,26.17,26.45
2013,Tanzania,26.76,26.51,26.56,26.7,26.67,26.17
2008,Bangladesh,26.0,25.95,26.44,26.19,26.14,25.93
2009,Bangladesh,26.54,26.0,25.95,26.44,26.19,26.14
2010,Bangladesh,26.65,26.54,26.0,25.95,26.44,26.19
2011,Bangladesh,25.8,26.65,26.54,26.0,25.95,26.44
2012,Bangladesh,26.28,25.8,26.65,26.54,26.0,25.95
2013,Bangladesh,26.59,26.28,25.8,26.65,26.54,26.0
2008,Qatar,27.92,28.23,28.12,28.09,28.2,28.38
2009,Qatar,28.17,27.92,28.23,28.12,28.09,28.2
2010,Qatar,28.93,28.17,27.92,28.23,28.12,28.09
2011,Qatar,28.23,28.93,28.17,27.92,28.23,28.12
2012,Qatar,28.54,28.23,28.93,28.17,27.92,28.23
2013,Qatar,28.68,28.54,28.23,28.93,28.17,27.92
2008,Cameroon,25.42,25.49,25.39,25.36,25.42,25.3
2009,Cameroon,25.54,25.42,25.49,25.39,25.36,25.42
2010,Cameroon,25.7,25.54,25.42,25.49,25.39,25.36
2011,Cameroon,25.25,25.7,25.54,25.42,25.49,25.39
2012,Cameroon,25.18,25.25,25.7,25.54,25.42,25.49
2013,Cameroon,25.45,25.18,25.25,25.7,25.54,25.42
2008,Ireland,9.42,10.11,10.0,9.91,9.77,9.8
2009,Ireland,9.47,9.42,10.11,10.0,9.91,9.77
2010,Ireland,8.38,9.47,9.42,10.11,10.0,9.91
2011,Ireland,9.76,8.38,9.47,9.42,10.11,10.0
2012,Ireland,9.28,9.76,8.38,9.47,9.42,10.11
2013,Ireland,9.28,9.28,9.76,8.38,9.47,9.42
2008,South Africa,20.89,21.07,20.86,21.14,21.11,21.11
2009,South Africa,20.71,20.89,21.07,20.86,21.14,21.11
2010,South Africa,21.54,20.71,20.89,21.07,20.86,21.14
2011,South Africa,20.72,21.54,20.71,20.89,21.07,20.86
2012,South Africa,21.24,20.72,21.54,20.71,20.89,21.07
2013,South Africa,21.31,21.24,20.72,21.54,20.71,20.89
2008,Tajikistan,8.29,8.69,8.97,8.61,9.24,8.24
2009,Tajikistan,8.42,8.29,8.69,8.97,8.61,9.24
2010,Tajikistan,8.98,8.42,8.29,8.69,8.97,8.61
2011,Tajikistan,8.45,8.98,8.42,8.29,8.69,8.97
2012,Tajikistan,7.71,8.45,8.98,8.42,8.29,8.69
2013,Tajikistan,10.1,7.71,8.45,8.98,8.42,8.29
2008,Mexico,16.22,16.38,16.37,16.7,16.2,16.65
2009,Mexico,16.65,16.22,16.38,16.37,16.7,16.2
2010,Mexico,15.87,16.65,16.22,16.38,16.37,16.7
2011,Mexico,16.64,15.87,16.65,16.22,16.38,16.37
2012,Mexico,16.43,16.64,15.87,16.65,16.22,16.38
2013,Mexico,17.34,16.43,16.64,15.87,16.65,16.22
2008,Pakistan,24.89,25.16,25.17,24.66,25.55,24.71
2009,Pakistan,25.37,24.89,25.16,25.17,24.66,25.55
2010,Pakistan,25.48,25.37,24.89,25.16,25.17,24.66
2011,Pakistan,24.98,25.48,25.37,24.89,25.16,25.17
2012,Pakistan,24.87,24.98,25.48,25.37,24.89,25.16
2013,Pakistan,25.95,24.87,24.98,25.48,25.37,24.89
2008,Sierra Leone,27.61,27.28,27.2,27.66,27.56,27.43
2009,Sierra Leone,27.37,27.61,27.28,27.2,27.66,27.56
2010,Sierra Leone,27.8,27.37,27.61,27.28,27.2,27.66
2011,Sierra Leone,27.51,27.8,27.37,27.61,27.28,27.2
2012,Sierra Leone,27.28,27.51,27.8,27.37,27.61,27.28
2013,Sierra Leone,27.29,27.28,27.51,27.8,27.37,27.61
2008,Botswana,19.63,19.71,18.97,20.42,19.41,20.6
2009,Botswana,19.25,19.63,19.71,18.97,20.42,19.41
2010,Botswana,19.98,19.25,19.63,19.71,18.97,20.42
2011,Botswana,19.19,19.98,19.25,19.63,19.71,18.97
2012,Botswana,19.83,19.19,19.98,19.25,19.63,19.71
2013,Botswana,18.69,19.83,19.19,19.98,19.25,19.63
2008,Guyana,27.31,27.3,27.49,27.71,27.45,27.63
2009,Guyana,27.67,27.31,27.3,27.49,27.71,27.45
2010,Guyana,27.87,27.67,27.31,27.3,27.49,27.71
2011,Guyana,27.43,27.87,27.67,27.31,27.3,27.49
2012,Guyana,27.42,27.43,27.87,27.67,27.31,27.3
2013,Guyana,27.3,27.42,27.43,27.87,27.67,27.31
2008,Guatemala,19.51,19.9,19.88,19.99,19.85,20.12
2009,Guatemala,19.99,19.51,19.9,19.88,19.99,19.85
2010,Guatemala,19.85,19.99,19.51,19.9,19.88,19.99
2011,Guatemala,19.85,19.85,19.99,19.51,19.9,19.88
2012,Guatemala,19.88,19.85,19.85,19.99,19.51,19.9
2013,Guatemala,20.37,19.88,19.85,19.85,19.99,19.51
2008,Ecuador,21.72,21.68,22.09,21.82,22.04,22.07
2009,Ecuador,22.01,21.72,21.68,22.09,21.82,22.04
2010,Ecuador,21.98,22.01,21.72,21.68,22.09,21.82
2011,Ecuador,21.78,21.98,22.01,21.72,21.68,22.09
2012,Ecuador,21.86,21.78,21.98,22.01,21.72,21.68
2013,Ecuador,21.69,21.86,21.78,21.98,22.01,21.72
2008,Vietnam,21.37,22.26,22.37,21.91,21.79,22.62
2009,Vietnam,22.59,21.37,22.26,22.37,21.91,21.79
2010,Vietnam,22.57,22.59,21.37,22.26,22.37,21.91
2011,Vietnam,21.03,22.57,22.59,21.37,22.26,22.37
2012,Vietnam,22.09,21.03,22.57,22.59,21.37,22.26
2013,Vietnam,23.1,22.09,21.03,22.57,22.59,21.37
2008,Zimbabwe,20.68,20.75,20.7,21.49,20.31,20.89
2009,Zimbabwe,20.52,20.68,20.75,20.7,21.49,20.31
2010,Zimbabwe,21.17,20.52,20.68,20.75,20.7,21.49
2011,Zimbabwe,20.78,21.17,20.52,20.68,20.75,20.7
2012,Zimbabwe,20.52,20.78,21.17,20.52,20.68,20.75
2013,Zimbabwe,19.76,20.52,20.78,21.17,20.52,20.68
2008,Finland,6.77,6.23,5.91,5.8,5.4,5.02
2009,Finland,5.49,6.77,6.23,5.91,5.8,5.4
2010,Finland,4.36,5.49,6.77,6.23,5.91,5.8
2011,Finland,6.38,4.36,5.49,6.77,6.23,5.91
2012,Finland,5.12,6.38,4.36,5.49,6.77,6.23
2013,Finland,6.17,5.12,6.38,4.36,5.49,6.77
2008,Japan,15.96,16.53,15.87,15.75,16.56,15.67
2009,Japan,15.93,15.96,16.53,15.87,15.75,16.56
2010,Japan,16.12,15.93,15.96,16.53,15.87,15.75
2011,Japan,15.71,16.12,15.93,15.96,16.53,15.87
2012,Japan,15.53,15.71,16.12,15.93,15.96,16.53
2013,Japan,16.54,15.53,15.71,16.12,15.93,15.96
2008,Sudan,26.21,26.09,26.27,26.48,26.37,26.5
2009,Sudan,26.86,26.21,26.09,26.27,26.48,26.37
2010,Sudan,26.52,26.86,26.21,26.09,26.27,26.48
2011,Sudan,26.49,26.52,26.86,26.21,26.09,26.27
2012,Sudan,26.42,26.49,26.52,26.86,26.21,26.09
2013,Sudan,26.84,26.42,26.49,26.52,26.86,26.21
2008,Afghanistan,15.48,15.52,15.8,14.85,16.13,15.13
2009,Afghanistan,15.09,15.48,15.52,15.8,14.85,16.13
2010,Afghanistan,15.68,15.09,15.48,15.52,15.8,14.85
2011,Afghanistan,15.81,15.68,15.09,15.48,15.52,15.8
2012,Afghanistan,14.51,15.81,15.68,15.09,15.48,15.52
2013,Afghanistan,16.21,14.51,15.81,15.68,15.09,15.48
2008,Uganda,23.68,23.68,23.95,24.29,24.02,24.03
2009,Uganda,24.18,23.68,23.68,23.95,24.29,24.02
2010,Uganda,24.14,24.18,23.68,23.68,23.95,24.29
2011,Uganda,23.89,24.14,24.18,23.68,23.68,23.95
2012,Uganda,24.03,23.89,24.14,24.18,23.68,23.68
2013,Uganda,24.13,24.03,23.89,24.14,24.18,23.68
2008,Taiwan,23.71,24.03,24.12,23.55,23.67,23.91
2009,Taiwan,23.93,23.71,24.03,24.12,23.55,23.67
2010,Taiwan,23.76,23.93,23.71,24.03,24.12,23.55
2011,Taiwan,23.34,23.76,23.93,23.71,24.03,24.12
2012,Taiwan,23.59,23.34,23.76,23.93,23.71,24.03
2013,Taiwan,24.0,23.59,23.34,23.76,23.93,23.71
2008,Nepal,15.27,15.54,15.92,15.53,15.36,15.35
2009,Nepal,15.91,15.27,15.54,15.92,15.53,15.36
2010,Nepal,15.96,15.91,15.27,15.54,15.92,15.53
2011,Nepal,15.12,15.96,15.91,15.27,15.54,15.92
2012,Nepal,15.2,15.12,15.96,15.91,15.27,15.54
2013,Nepal,15.79,15.2,15.12,15.96,15.91,15.27
2008,Ukraine,9.24,9.46,7.88,8.39,8.32,7.8
2009,Ukraine,8.82,9.24,9.46,7.88,8.39,8.32
2010,Ukraine,8.97,8.82,9.24,9.46,7.88,8.39
2011,Ukraine,8.48,8.97,8.82,9.24,9.46,7.88
2012,Ukraine,8.56,8.48,8.97,8.82,9.24,9.46
2013,Ukraine,10.33,8.56,8.48,8.97,8.82,9.24
2008,Rwanda,19.56,19.6,20.02,20.29,19.93,19.93
2009,Rwanda,19.84,19.56,19.6,20.02,20.29,19.93
2010,Rwanda,20.12,19.84,19.56,19.6,20.02,20.29
2011,Rwanda,19.59,20.12,19.84,19.56,19.6,20.02
2012,Rwanda,19.79,19.59,20.12,19.84,19.56,19.6
2013,Rwanda,19.93,19.79,19.59,20.12,19.84,19.56
2008,Canada,7.5,7.42,8.66,7.89,7.02,6.81
2009,Canada,7.12,7.5,7.42,8.66,7.89,7.02
2010,Canada,8.64,7.12,7.5,7.42,8.66,7.89
2011,Canada,8.34,8.64,7.12,7.5,7.42,8.66
2012,Canada,9.24,8.34,8.64,7.12,7.5,7.42
2013,Canada,9.19,9.24,8.34,8.64,7.12,7.5
2008,Jamaica,27.17,27.61,27.58,27.34,27.47,27.62
2009,Jamaica,27.42,27.17,27.61,27.58,27.34,27.47
2010,Jamaica,27.09,27.42,27.17,27.61,27.58,27.34
2011,Jamaica,27.17,27.09,27.42,27.17,27.61,27.58
2012,Jamaica,27.51,27.17,27.09,27.42,27.17,27.61
2013,Jamaica,27.41,27.51,27.17,27.09,27.42,27.17
2008,Congo (Democratic Republic Of The),24.52,24.57,24.59,24.71,24.66,24.64
2009,Congo (Democratic Republic Of The),24.58,24.52,24.57,24.59,24.71,24.66
2010,Congo (Democratic Republic Of The),24.9,24.58,24.52,24.57,24.59,24.71
2011,Congo (Democratic Republic Of The),24.2,24.9,24.58,24.52,24.57,24.59
2012,Congo (Democratic Republic Of The),24.21,24.2,24.9,24.58,24.52,24.57
2013,Congo (Democratic Republic Of The),24.41,24.21,24.2,24.9,24.58,24.52
2008,Malaysia,27.12,27.23,27.29,27.59,27.35,27.36
2009,Malaysia,27.47,27.12,27.23,27.29,27.59,27.35
2010,Malaysia,27.69,27.47,27.12,27.23,27.29,27.59
2011,Malaysia,27.27,27.69,27.47,27.12,27.23,27.29
2012,Malaysia,27.36,27.27,27.69,27.47,27.12,27.23
2013,Malaysia,27.8,27.36,27.27,27.69,27.47,27.12
2008,Bolivia,8.85,9.08,9.19,8.9,9.41,8.97
2009,Bolivia,9.29,8.85,9.08,9.19,8.9,9.41
2010,Bolivia,9.6,9.29,8.85,9.08,9.19,8.9
2011,Bolivia,9.28,9.6,9.29,8.85,9.08,9.19
2012,Bolivia,9.26,9.28,9.6,9.29,8.85,9.08
2013,Bolivia,8.64,9.26,9.28,9.6,9.29,8.85
2008,Gabon,26.78,26.86,26.86,26.64,26.63,26.73
2009,Gabon,26.97,26.78,26.86,26.86,26.64,26.63
2010,Gabon,26.9,26.97,26.78,26.86,26.86,26.64
2011,Gabon,26.63,26.9,26.97,26.78,26.86,26.86
2012,Gabon,26.62,26.63,26.9,26.97,26.78,26.86
2013,Gabon,26.73,26.62,26.63,26.9,26.97,26.78
2008,Malawi,20.42,20.67,20.63,21.37,20.44,20.75
2009,Malawi,20.68,20.42,20.67,20.63,21.37,20.44
2010,Malawi,21.34,20.68,20.42,20.67,20.63,21.37
2011,Malawi,20.92,21.34,20.68,20.42,20.67,20.63
2012,Malawi,20.42,20.92,21.34,20.68,20.42,20.67
2013,Malawi,19.68,20.42,20.92,21.34,20.68,20.42
2008,Peru,17.34,16.68,17.61,17.02,17.29,17.36
2009,Peru,17.4,17.34,16.68,17.61,17.02,17.29
2010,Peru,16.97,17.4,17.34,16.68,17.61,17.02
2011,Peru,17.03,16.97,17.4,17.34,16.68,17.61
2012,Peru,17.68,17.03,16.97,17.4,17.34,16.68
2013,Peru,17.0,17.68,17.03,16.97,17.4,17.34
2008,Portugal,16.12,16.11,16.84,16.43,16.31,16.6
2009,Portugal,16.84,16.12,16.11,16.84,16.43,16.31
2010,Portugal,16.5,16.84,16.12,16.11,16.84,16.43
2011,Portugal,16.91,16.5,16.84,16.12,16.11,16.84
2012,Portugal,16.24,16.91,16.5,16.84,16.12,16.11
2013,Portugal,16.77,16.24,16.91,16.5,16.84,16.12
2008,Slovenia,11.09,11.31,10.56,9.62,10.06,10.83
2009,Slovenia,11.06,11.09,11.31,10.56,9.62,10.06
2010,Slovenia,10.0,11.06,11.09,11.31,10.56,9.62
2011,Slovenia,11.02,10.0,11.06,11.09,11.31,10.56
2012,Slovenia,11.12,11.02,10.0,11.06,11.09,11.31
2013,Slovenia,11.58,11.12,11.02,10.0,11.06,11.09
2008,Chile,13.69,12.31,13.19,13.06,13.44,13.24
2009,Chile,13.04,13.69,12.31,13.19,13.06,13.44
2010,Chile,12.69,13.04,13.69,12.31,13.19,13.06
2011,Chile,13.25,12.69,13.04,13.69,12.31,13.19
2012,Chile,13.48,13.25,12.69,13.04,13.69,12.31
2013,Chile,13.07,13.48,13.25,12.69,13.04,13.69
2008,Angola,24.27,24.24,24.14,24.41,24.22,24.87
2009,Angola,24.33,24.27,24.24,24.14,24.41,24.22
2010,Angola,24.44,24.33,24.27,24.24,24.14,24.41
2011,Angola,24.15,24.44,24.33,24.27,24.24,24.14
2012,Angola,24.24,24.15,24.44,24.33,24.27,24.24
2013,Angola,24.55,24.24,24.15,24.44,24.33,24.27
2008,Zambia,20.66,20.87,21.05,21.97,20.79,21.16
2009,Zambia,20.76,20.66,20.87,21.05,21.97,20.79
2010,Zambia,21.34,20.76,20.66,20.87,21.05,21.97
2011,Zambia,20.88,21.34,20.76,20.66,20.87,21.05
2012,Zambia,20.8,20.88,21.34,20.76,20.66,20.87
2013,Zambia,20.14,20.8,20.88,21.34,20.76,20.66
2008,Equatorial Guinea,26.26,26.38,26.33,26.24,26.31,26.18
2009,Equatorial Guinea,26.45,26.26,26.38,26.33,26.24,26.31
2010,Equatorial Guinea,26.57,26.45,26.26,26.38,26.33,26.24
2011,Equatorial Guinea,26.21,26.57,26.45,26.26,26.38,26.33
2012,Equatorial Guinea,26.1,26.21,26.57,26.45,26.26,26.38
2013,Equatorial Guinea,26.35,26.1,26.21,26.57,26.45,26.26
2008,Nicaragua,26.75,27.23,27.35,27.2,27.22,27.4
2009,Nicaragua,27.23,26.75,27.23,27.35,27.2,27.22
2010,Nicaragua,27.01,27.23,26.75,27.23,27.35,27.2
2011,Nicaragua,26.94,27.01,27.23,26.75,27.23,27.35
2012,Nicaragua,26.91,26.94,27.01,27.23,26.75,27.23
2013,Nicaragua,27.26,26.91,26.94,27.01,27.23,26.75
2008,Bahrain,26.96,27.13,27.15,26.89,27.07,27.29
2009,Bahrain,27.24,26.96,27.13,27.15,26.89,27.07
2010,Bahrain,28.0,27.24,26.96,27.13,27.15,26.89
2011,Bahrain,27.01,28.0,27.24,26.96,27.13,27.15
2012,Bahrain,27.45,27.01,28.0,27.24,26.96,27.13
2013,Bahrain,27.86,27.45,27.01,28.0,27.24,26.96
2008,Philippines,26.94,27.21,27.23,27.12,27.09,27.07
2009,Philippines,26.92,26.94,27.21,27.23,27.12,27.09
2010,Philippines,27.49,26.92,26.94,27.21,27.23,27.12
2011,Philippines,26.82,27.49,26.92,26.94,27.21,27.23
2012,Philippines,27.34,26.82,27.49,26.92,26.94,27.21
2013,Philippines,27.87,27.34,26.82,27.49,26.92,26.94
2008,Mozambique,21.76,21.91,21.68,22.27,21.89,22.32
2009,Mozambique,21.7,21.76,21.91,21.68,22.27,21.89
2010,Mozambique,22.1,21.7,21.76,21.91,21.68,22.27
2011,Mozambique,21.69,22.1,21.7,21.76,21.91,21.68
2012,Mozambique,21.92,21.69,22.1,21.7,21.76,21.91
2013,Mozambique,21.37,21.92,21.69,22.1,21.7,21.76
2008,Lesotho,14.74,14.81,14.18,14.89,14.91,15.01
2009,Lesotho,14.62,14.74,14.81,14.18,14.89,14.91
2010,Lesotho,15.23,14.62,14.74,14.81,14.18,14.89
2011,Lesotho,14.32,15.23,14.62,14.74,14.81,14.18
2012,Lesotho,14.62,14.32,15.23,14.62,14.74,14.81
2013,Lesotho,14.03,14.62,14.32,15.23,14.62,14.74
2008,Iran,13.72,13.74,14.61,14.05,14.3,13.54
2009,Iran,14.12,13.72,13.74,14.61,14.05,14.3
2010,Iran,15.21,14.12,13.72,13.74,14.61,14.05
2011,Iran,13.93,15.21,14.12,13.72,13.74,14.61
2012,Iran,13.57,13.93,15.21,14.12,13.72,13.74
2013,Iran,15.94,13.57,13.93,15.21,14.12,13.72
2008,Saudi Arabia,26.64,26.58,26.42,26.47,26.53,26.87
2009,Saudi Arabia,26.9,26.64,26.58,26.42,26.47,26.53
2010,Saudi Arabia,27.3,26.9,26.64,26.58,26.42,26.47
2011,Saudi Arabia,26.57,27.3,26.9,26.64,26.58,26.42
2012,Saudi Arabia,27.02,26.57,27.3,26.9,26.64,26.58
2013,Saudi Arabia,27.57,27.02,26.57,27.3,26.9,26.64
2008,Italy,7.91,8.4,8.15,7.33,7.74,8.55
2009,Italy,8.11,7.91,8.4,8.15,7.33,7.74
2010,Italy,7.05,8.11,7.91,8.4,8.15,7.33
2011,Italy,8.68,7.05,8.11,7.91,8.4,8.15
2012,Italy,8.05,8.68,7.05,8.11,7.91,8.4
2013,Italy,8.04,8.05,8.68,7.05,8.11,7.91
2008,Belarus,7.75,7.51,6.6,6.53,6.49,6.32
2009,Belarus,6.75,7.75,7.51,6.6,6.53,6.49
2010,Belarus,6.71,6.75,7.75,7.51,6.6,6.53
2011,Belarus,7.29,6.71,6.75,7.75,7.51,6.6
2012,Belarus,6.33,7.29,6.71,6.75,7.75,7.51
2013,Belarus,7.83,6.33,7.29,6.71,6.75,7.75
2008,Somalia,27.75,28.08,27.78,28.08,27.85,28.03
2009,Somalia,28.23,27.75,28.08,27.78,28.08,27.85
2010,Somalia,28.03,28.23,27.75,28.08,27.78,28.08
2011,Somalia,28.28,28.03,28.23,27.75,28.08,27.78
2012,Somalia,28.19,28.28,28.03,28.23,27.75,28.08
2013,Somalia,27.94,28.19,28.28,28.03,28.23,27.75
2008,Liberia,26.61,26.53,26.44,26.61,26.6,26.69
2009,Liberia,26.8,26.61,26.53,26.44,26.61,26.6
2010,Liberia,26.82,26.8,26.61,26.53,26.44,26.61
2011,Liberia,26.54,26.82,26.8,26.61,26.53,26.44
2012,Liberia,26.32,26.54,26.82,26.8,26.61,26.53
2013,Liberia,26.56,26.32,26.54,26.82,26.8,26.61
2008,Uruguay,17.43,16.53,17.13,17.13,17.22,16.7
2009,Uruguay,16.96,17.43,16.53,17.13,17.13,17.22
2010,Uruguay,17.11,16.96,17.43,16.53,17.13,17.13
2011,Uruguay,16.9,17.11,16.96,17.43,16.53,17.13
2012,Uruguay,17.53,16.9,17.11,16.96,17.43,16.53
2013,Uruguay,15.92,17.53,16.9,17.11,16.96,17.43
2008,Kenya,16.66,16.6,16.92,17.28,16.92,16.87
2009,Kenya,17.3,16.66,16.6,16.92,17.28,16.92
2010,Kenya,16.82,17.3,16.66,16.6,16.92,17.28
2011,Kenya,16.9,16.82,17.3,16.66,16.6,16.92
2012,Kenya,16.84,16.9,16.82,17.3,16.66,16.6
2013,Kenya,16.91,16.84,16.9,16.82,17.3,16.66
2008,Bahamas,25.63,25.71,25.34,25.43,25.46,25.81
2009,Bahamas,25.46,25.63,25.71,25.34,25.43,25.46
2010,Bahamas,24.77,25.46,25.63,25.71,25.34,25.43
2011,Bahamas,25.76,24.77,25.46,25.63,25.71,25.34
2012,Bahamas,25.46,25.76,24.77,25.46,25.63,25.71
2013,Bahamas,25.88,25.46,25.76,24.77,25.46,25.63
2008,Niger,29.3,29.85,29.78,30.02,29.8,29.75
2009,Niger,30.32,29.3,29.85,29.78,30.02,29.8
2010,Niger,30.32,30.32,29.3,29.85,29.78,30.02
2011,Niger,30.1,30.32,30.32,29.3,29.85,29.78
2012,Niger,29.61,30.1,30.32,30.32,29.3,29.85
2013,Niger,30.42,29.61,30.1,30.32,30.32,29.3
2008,Mauritania,28.14,27.88,27.82,28.14,27.81,27.63
2009,Mauritania,27.57,28.14,27.88,27.82,28.14,27.81
2010,Mauritania,28.7,27.57,28.14,27.88,27.82,28.14
2011,Mauritania,27.87,28.7,27.57,28.14,27.88,27.82
2012,Mauritania,27.77,27.87,28.7,27.57,28.14,27.88
2013,Mauritania,28.24,27.77,27.87,28.7,27.57,28.14
2008,Norway,4.16,3.96,4.43,4.26,3.79,3.76
2009,Norway,3.31,4.16,3.96,4.43,4.26,3.79
2010,Norway,1.3,3.31,4.16,3.96,4.43,4.26
2011,Norway,4.14,1.3,3.31,4.16,3.96,4.43
2012,Norway,3.09,4.14,1.3,3.31,4.16,3.96
2013,Norway,3.5,3.09,4.14,1.3,3.31,4.16
2008,Burkina Faso,28.4,28.96,28.92,29.18,28.9,28.83
2009,Burkina Faso,29.05,28.4,28.96,28.92,29.18,28.9
2010,Burkina Faso,29.17,29.05,28.4,28.96,28.92,29.18
2011,Burkina Faso,29.03,29.17,29.05,28.4,28.96,28.92
2012,Burkina Faso,28.67,29.03,29.17,29.05,28.4,28.96
2013,Burkina Faso,29.41,28.67,29.03,29.17,29.05,28.4
2008,Suriname,27.22,27.19,27.34,27.7,27.47,27.49
2009,Suriname,27.45,27.22,27.19,27.34,27.7,27.47
2010,Suriname,27.7,27.45,27.22,27.19,27.34,27.7
2011,Suriname,27.42,27.7,27.45,27.22,27.19,27.34
2012,Suriname,27.4,27.42,27.7,27.45,27.22,27.19
2013,Suriname,27.17,27.4,27.42,27.7,27.45,27.22
2008,France,11.28,11.75,11.79,11.55,11.34,11.91
2009,France,11.46,11.28,11.75,11.79,11.55,11.34
2010,France,10.41,11.46,11.28,11.75,11.79,11.55
2011,France,12.33,10.41,11.46,11.28,11.75,11.79
2012,France,11.22,12.33,10.41,11.46,11.28,11.75
2013,France,11.01,11.22,12.33,10.41,11.46,11.28
2008,Montenegro,11.62,11.59,10.56,10.14,10.83,11.3
2009,Montenegro,11.46,11.62,11.59,10.56,10.14,10.83
2010,Montenegro,11.25,11.46,11.62,11.59,10.56,10.14
2011,Montenegro,11.25,11.25,11.46,11.62,11.59,10.56
2012,Montenegro,11.53,11.25,11.25,11.46,11.62,11.59
2013,Montenegro,12.87,11.53,11.25,11.25,11.46,11.62
2008,Haiti,27.08,27.47,27.41,27.35,27.37,27.5
2009,Haiti,27.35,27.08,27.47,27.41,27.35,27.37
2010,Haiti,27.19,27.35,27.08,27.47,27.41,27.35
2011,Haiti,27.1,27.19,27.35,27.08,27.47,27.41
2012,Haiti,27.2,27.1,27.19,27.35,27.08,27.47
2013,Haiti,27.2,27.2,27.1,27.19,27.35,27.08
2008,Mauritius,24.19,24.28,24.32,24.16,24.25,24.52
2009,Mauritius,24.58,24.19,24.28,24.32,24.16,24.25
2010,Mauritius,24.67,24.58,24.19,24.28,24.32,24.16
2011,Mauritius,24.52,24.67,24.58,24.19,24.28,24.32
2012,Mauritius,24.37,24.52,24.67,24.58,24.19,24.28
2013,Mauritius,24.31,24.37,24.52,24.67,24.58,24.19
2008,Papua New Guinea,25.17,25.2,25.04,25.51,25.23,25.49
2009,Papua New Guinea,25.08,25.17,25.2,25.04,25.51,25.23
2010,Papua New Guinea,25.74,25.08,25.17,25.2,25.04,25.51
2011,Papua New Guinea,25.17,25.74,25.08,25.17,25.2,25.04
2012,Papua New Guinea,25.14,25.17,25.74,25.08,25.17,25.2
2013,Papua New Guinea,25.44,25.14,25.17,25.74,25.08,25.17
2008,Czech Republic,9.91,10.25,9.67,9.12,9.17,9.51
2009,Czech Republic,9.47,9.91,10.25,9.67,9.12,9.17
2010,Czech Republic,8.13,9.47,9.91,10.25,9.67,9.12
2011,Czech Republic,9.84,8.13,9.47,9.91,10.25,9.67
2012,Czech Republic,9.51,9.84,8.13,9.47,9.91,10.25
2013,Czech Republic,9.57,9.51,9.84,8.13,9.47,9.91
2008,Latvia,7.67,7.25,6.95,6.3,6.28,6.22
2009,Latvia,6.51,7.67,7.25,6.95,6.3,6.28
2010,Latvia,5.67,6.51,7.67,7.25,6.95,6.3
2011,Latvia,7.25,5.67,6.51,7.67,7.25,6.95
2012,Latvia,5.96,7.25,5.67,6.51,7.67,7.25
2013,Latvia,7.25,5.96,7.25,5.67,6.51,7.67
2008,El Salvador,25.71,26.02,26.14,26.07,26.2,26.24
2009,El Salvador,26.21,25.71,26.02,26.14,26.07,26.2
2010,El Salvador,25.96,26.21,25.71,26.02,26.14,26.07
2011,El Salvador,25.95,25.96,26.21,25.71,26.02,26.14
2012,El Salvador,26.04,25.95,25.96,26.21,25.71,26.02
2013,El Salvador,26.36,26.04,25.95,25.96,26.21,25.71
2008,Dominican Republic,26.76,27.08,27.01,27.03,26.83,27.16
2009,Dominican Republic,26.91,26.76,27.08,27.01,27.03,26.83
2010,Dominican Republic,26.93,26.91,26.76,27.08,27.01,27.03
2011,Dominican Republic,26.79,26.93,26.91,26.76,27.08,27.01
2012,Dominican Republic,26.87,26.79,26.93,26.91,26.76,27.08
2013,Dominican Republic,26.51,26.87,26.79,26.93,26.91,26.76
2008,Bosnia And Herzegovina,10.77,10.66,9.69,8.88,9.62,10.1
2009,Bosnia And Herzegovina,10.56,10.77,10.66,9.69,8.88,9.62
2010,Bosnia And Herzegovina,9.99,10.56,10.77,10.66,9.69,8.88
2011,Bosnia And Herzegovina,10.41,9.99,10.56,10.77,10.66,9.69
2012,Bosnia And Herzegovina,10.74,10.41,9.99,10.56,10.77,10.66
2013,Bosnia And Herzegovina,11.66,10.74,10.41,9.99,10.56,10.77
2008,South Korea,11.96,12.25,12.01,11.16,12.25,11.8
2009,South Korea,11.84,11.96,12.25,12.01,11.16,12.25
2010,South Korea,11.3,11.84,11.96,12.25,12.01,11.16
2011,South Korea,11.12,11.3,11.84,11.96,12.25,12.01
2012,South Korea,11.23,11.12,11.3,11.84,11.96,12.25
2013,South Korea,12.12,11.23,11.12,11.3,11.84,11.96
2008,Hong Kong,21.66,22.31,22.23,21.85,22.0,22.21
2009,Hong Kong,22.2,21.66,22.31,22.23,21.85,22.0
2010,Hong Kong,21.8,22.2,21.66,22.31,22.23,21.85
2011,Hong Kong,21.53,21.8,22.2,21.66,22.31,22.23
2012,Hong Kong,21.83,21.53,21.8,22.2,21.66,22.31
2013,Hong Kong,22.8,21.83,21.53,21.8,22.2,21.66
2008,Singapore,27.07,27.13,27.33,27.49,27.33,27.31
2009,Singapore,27.47,27.07,27.13,27.33,27.49,27.33
2010,Singapore,27.6,27.47,27.07,27.13,27.33,27.49
2011,Singapore,27.28,27.6,27.47,27.07,27.13,27.33
2012,Singapore,27.3,27.28,27.6,27.47,27.07,27.13
2013,Singapore,27.6,27.3,27.28,27.6,27.47,27.07
2008,Macedonia,11.2,11.27,9.98,9.62,10.25,10.44
2009,Macedonia,10.83,11.2,11.27,9.98,9.62,10.25
2010,Macedonia,10.89,10.83,11.2,11.27,9.98,9.62
2011,Macedonia,10.25,10.89,10.83,11.2,11.27,9.98
2012,Macedonia,10.88,10.25,10.89,10.83,11.2,11.27
2013,Macedonia,12.6,10.88,10.25,10.89,10.83,11.2
2008,Bulgaria,9.9,10.23,9.08,8.58,9.18,9.01
2009,Bulgaria,9.74,9.9,10.23,9.08,8.58,9.18
2010,Bulgaria,9.65,9.74,9.9,10.23,9.08,8.58
2011,Bulgaria,9.17,9.65,9.74,9.9,10.23,9.08
2012,Bulgaria,9.99,9.17,9.65,9.74,9.9,10.23
2013,Bulgaria,11.26,9.99,9.17,9.65,9.74,9.9
2008,Sweden,8.49,8.16,8.3,7.72,7.53,7.46
2009,Sweden,7.54,8.49,8.16,8.3,7.72,7.53
2010,Sweden,6.01,7.54,8.49,8.16,8.3,7.72
2011,Sweden,8.18,6.01,7.54,8.49,8.16,8.3
2012,Sweden,7.21,8.18,6.01,7.54,8.49,8.16
2013,Sweden,7.1,7.21,8.18,6.01,7.54,8.49
2008,Estonia,7.39,6.97,6.7,6.04,6.03,5.74
2009,Estonia,6.14,7.39,6.97,6.7,6.04,6.03
2010,Estonia,5.06,6.14,7.39,6.97,6.7,6.04
2011,Estonia,6.98,5.06,6.14,7.39,6.97,6.7
2012,Estonia,5.57,6.98,5.06,6.14,7.39,6.97
2013,Estonia,7.28,5.57,6.98,5.06,6.14,7.39
2008,Uzbekistan,11.43,11.79,11.86,11.75,12.24,11.25
2009,Uzbekistan,11.49,11.43,11.79,11.86,11.75,12.24
2010,Uzbekistan,11.94,11.49,11.43,11.79,11.86,11.75
2011,Uzbekistan,11.35,11.94,11.49,11.43,11.79,11.86
2012,Uzbekistan,10.87,11.35,11.94,11.49,11.43,11.79
2013,Uzbekistan,13.66,10.87,11.35,11.94,11.49,11.43
2008,Georgia,9.51,9.44,9.89,9.58,9.55,9.2
2009,Georgia,9.67,9.51,9.44,9.89,9.58,9.55
2010,Georgia,11.31,9.67,9.51,9.44,9.89,9.58
2011,Georgia,8.93,11.31,9.67,9.51,9.44,9.89
2012,Georgia,10.2,8.93,11.31,9.67,9.51,9.44
2013,Georgia,11.08,10.2,8.93,11.31,9.67,9.51
2008,Honduras,24.25,24.55,24.88,24.77,24.68,24.78
2009,Honduras,24.77,24.25,24.55,24.88,24.77,24.68
2010,Honduras,24.49,24.77,24.25,24.55,24.88,24.77
2011,Honduras,24.63,24.49,24.77,24.25,24.55,24.88
2012,Honduras,24.47,24.63,24.49,24.77,24.25,24.55
2013,Honduras,24.86,24.47,24.63,24.49,24.77,24.25
2008,Albania,16.71,16.67,15.92,15.67,16.16,16.69
2009,Albania,16.73,16.71,16.67,15.92,15.67,16.16
2010,Albania,16.52,16.73,16.71,16.67,15.92,15.67
2011,Albania,16.45,16.52,16.73,16.71,16.67,15.92
2012,Albania,16.7,16.45,16.52,16.73,16.71,16.67
2013,Albania,17.41,16.7,16.45,16.52,16.73,16.71
2008,Tunisia,19.76,19.71,19.82,19.12,19.37,20.04
2009,Tunisia,19.64,19.76,19.71,19.82,19.12,19.37
2010,Tunisia,19.76,19.64,19.76,19.71,19.82,19.12
2011,Tunisia,19.53,19.76,19.64,19.76,19.71,19.82
2012,Tunisia,20.12,19.53,19.76,19.64,19.76,19.71
2013,Tunisia,20.0,20.12,19.53,19.76,19.64,19.76
2008,Mongolia,-1.05,0.2,-1.56,-2.36,-1.51,-2.41
2009,Mongolia,-2.04,-1.05,0.2,-1.56,-2.36,-1.51
2010,Mongolia,-3.04,-2.04,-1.05,0.2,-1.56,-2.36
2011,Mongolia,-2.41,-3.04,-2.04,-1.05,0.2,-1.56
2012,Mongolia,-3.37,-2.41,-3.04,-2.04,-1.05,0.2
2013,Mongolia,-0.22,-3.37,-2.41,-3.04,-2.04,-1.05
2008,Austria,9.96,10.03,9.13,8.6,8.76,9.24
2009,Austria,9.48,9.96,10.03,9.13,8.6,8.76
2010,Austria,8.36,9.48,9.96,10.03,9.13,8.6
2011,Austria,9.42,8.36,9.48,9.96,10.03,9.13
2012,Austria,9.42,9.42,8.36,9.48,9.96,10.03
2013,Austria,10.03,9.42,9.42,8.36,9.48,9.96
2008,Laos,24.06,24.81,24.92,24.91,24.35,24.8
2009,Laos,24.94,24.06,24.81,24.92,24.91,24.35
2010,Laos,25.5,24.94,24.06,24.81,24.92,24.91
2011,Laos,24.14,25.5,24.94,24.06,24.81,24.92
2012,Laos,25.53,24.14,25.5,24.94,24.06,24.81
2013,Laos,25.94,25.53,24.14,25.5,24.94,24.06
2008,Lithuania,7.84,7.44,6.98,6.5,6.43,6.44
2009,Lithuania,6.7,7.84,7.44,6.98,6.5,6.43
2010,Lithuania,6.14,6.7,7.84,7.44,6.98,6.5
2011,Lithuania,7.32,6.14,6.7,7.84,7.44,6.98
2012,Lithuania,6.31,7.32,6.14,6.7,7.84,7.44
2013,Lithuania,7.42,6.31,7.32,6.14,6.7,7.84
2008,Poland,9.51,9.32,8.64,8.43,8.33,8.22
2009,Poland,8.5,9.51,9.32,8.64,8.43,8.33
2010,Poland,7.67,8.5,9.51,9.32,8.64,8.43
2011,Poland,8.84,7.67,8.5,9.51,9.32,8.64
2012,Poland,8.48,8.84,7.67,8.5,9.51,9.32
2013,Poland,9.32,8.48,8.84,7.67,8.5,9.51
2008,New Zealand,13.55,13.44,13.04,13.63,12.76,13.3
2009,New Zealand,12.84,13.55,13.44,13.04,13.63,12.76
2010,New Zealand,13.54,12.84,13.55,13.44,13.04,13.63
2011,New Zealand,13.46,13.54,12.84,13.55,13.44,13.04
2012,New Zealand,12.89,13.46,13.54,12.84,13.55,13.44
2013,New Zealand,13.57,12.89,13.46,13.54,12.84,13.55
2008,Namibia,20.18,20.49,19.42,20.46,21.01,21.37
2009,Namibia,20.02,20.18,20.49,19.42,20.46,21.01
2010,Namibia,20.62,20.02,20.18,20.49,19.42,20.46
2011,Namibia,19.26,20.62,20.02,20.18,20.49,19.42
2012,Namibia,20.11,19.26,20.62,20.02,20.18,20.49
2013,Namibia,20.73,20.11,19.26,20.62,20.02,20.18
2008,Armenia,9.51,9.44,9.89,9.58,9.55,9.2
2009,Armenia,9.67,9.51,9.44,9.89,9.58,9.55
2010,Armenia,11.31,9.67,9.51,9.44,9.89,9.58
2011,Armenia,8.93,11.31,9.67,9.51,9.44,9.89
2012,Armenia,10.2,8.93,11.31,9.67,9.51,9.44
2013,Armenia,11.08,10.2,8.93,11.31,9.67,9.51
2008,Croatia,11.09,11.31,10.56,9.62,10.06,10.83
2009,Croatia,11.06,11.09,11.31,10.56,9.62,10.06
2010,Croatia,10.0,11.06,11.09,11.31,10.56,9.62
2011,Croatia,11.02,10.0,11.06,11.09,11.31,10.56
2012,Croatia,11.12,11.02,10.0,11.06,11.09,11.31
2013,Croatia,11.58,11.12,11.02,10.0,11.06,11.09
